"Key","Title","Artist","Album"
"Ab","Alicia","Charlie Musselwhite","Sanctuary"
"Ab","Boogie On Reggae Woman","Stevie Wonder","The Definitive Collection"
"Ab","Cotton Boogie","James Cotton","Live & On The Move"
"Ab","Evening Sun","Walter Horton","Harp and Soul"
"Ab","Flying Home","Dennis Gruenling","History of the Blues Harmonica"
"Ab","Have A Good Time","Walter Horton","An Offer You Can't Refuse"
"Ab","Humpin' To Please","Kim Wilson","That's Life"
"Ab","Hunch Rhythm","Kim Wilson","Tiger Man"
"Ab","In The Mood","Walter Horton","An Offer You Can't Refuse"
"Ab","Louise","Walter Horton","An Offer You Can't Refuse"
"Ab","Lowdown","Kim Wilson","That's Life"
"Ab","McAbee's Railroad Piece","Palmer McAbee","The Great Harp Players(1927-1936)"
"Ab","Mean Mistreater","Walter Horton","Harp Legends II"
"Ab","Mumbai Express (3rd Position)","Aki Kumar","Don't Hold Back"
"Ab","Murder in the First Degree (1st position)","Rod Piazza","Modern Master The Best of Rod Piazza 1968-2003"
"Ab","Numb","Will Wilde","Raw Blues"
"Ab","Oh Baby, You Don't Have To Go","James Cotton","Live & On The Move"
"Ab","Shadow People","Charlie Musselwhite","Sanctuary"
"Ab","Smokestack Lightnin'","Howlin' Wolf","His Best: Chess 50th Anniversary Collection"
"Ab","Song For Lee","Paul Butterfield","An Anthology The Elektra Years"
"Ab","Strange Things Are Happening","Keith Dunn","Alone With The Blues"
"Ab","Sugar Moma","Big Walter Horton","Can't Keep lovin' You"
"Ab","Sun Might Shine","Grant Dermody","Sun Might Shine On Me"
"Ab","Tiger Man","Kim Wilson","Tiger Man"
"Ab","Tribute To George Smith (3rd position)","Rod Piazza","Modern Master The Best of Rod Piazza 1968-2003"
"Ab","Union Shuffle (Part 1)","Walter Horton","Walter ""Shakey"" Horton Live @ The Union Bar (Minneapoilis, '79)"
"Ab","Union Shuffle (Part 2)","Walter Horton","Walter ""Shakey"" Horton Live @ The Union Bar (Minneapoilis, '79)"
"Ab","West Side Blues","Walter Horton","An Offer You Can't Refuse"
"Ab","Wonderful Time","Ian Briggs","Blues Avenue"
"A","33 Years","Muddy Waters","I'm Ready"
"A","A.G. Blues","Gary Smith, Aki Kumar","It Takes Three"
"A","Ain't No Use (1st position)","Jason Ricci","Dirty Memory"
"A","Alabama Train","Louisana Red","Blues Harp Boogie"
"A","Alcoholic Blues","Sonny Terry","Harmonica & Vocal Solos"
"A","Alcoholic Blues","De Ford Bailey","Nashville - The Early String Bands"
"A","Alcoholic Man","Carey Bell","I Don't Give a Damn if Whites Bought It Vol 3"
"A","All Along The Watchtower","Jefferson Goncalves","Conexao Nordeste - Greia Ao Vivo"
"A","All Cried Out","Paul deLay Band","Last of the Best"
"A","All Talk and No Action","Kenny Sultan/Tom Ball","20th Anniversary: Live!"
"A","Alviso Rock","Gary Smith","It Takes Three"
"A","Amazing Grace","Mark Feltham","Duo"
"A","Asked Her For Water","Howlin' Wolf","His Best (Chess)"
"A","At The Wheel Again","Jason Ricci","Dirty Memory"
"A","Baby Boogie","Sonny Terry","Brownie McGhee & Sonny Terry Sing"
"A","Baby Please Don't Go","Paul Butterfield","Better Days"
"A","Baby Scratch My Back","The Fabulous Thunderbirds","Portfolio"
"A","Baby (3rd position)","Little Walter","Blues With A Feelin'"
"A","Back Home To Mama (Alternate)","Big Walter Horton","Harmonica Blues Kings"
"A","Bad Luck Blues","Sonny Terry","Harmonica & Vocal Solos"
"A","Be Cool","Alan Glen with The Barcodes","Zip Your Lip"
"A","Big D Schuffle","Various Artists","Blues Harmonica Spotlight"
"A","Big Walter","Jean Jacques Milteau","Merci d'etre venus"
"A","Big Walter Strut","Carey Bell & Tough Luck","Mellow Down Easy"
"A","Black Night Road","Sonny Terry","Going It Alone"
"A","Blowing The Blues","Sonny Terry","Blowing The Blues"
"A","Blue Adder","Mark Graham","Southern Old-Time Harmonica"
"A","Blue Mood","Little Walter","Blues Masters"
"A","Blues All Day Long (Blues Leave Me Alone)","Jimmy Rogers (Little Walter)","Complete Chess Recordings"
"A","Blues Bend Boogie","Greg Zlap","Harmonica Madness"
"A","Blues From The Bottom","Sonny Terry","Sonny Is King"
"A","Blues Harp","Jean Jacques Milteau","Blues harp"
"A","Blues Stay Away From Me","Wayne Raney (with Delmore Brothers)","Blues You Never Lose"
"A","Blues Walked In","James Harman","Strictly Live... In `85!"
"A","Blues With A Feelin","Walter Horton","Live at the El Macambo"
"A","Blues With A Feeling","George Smith","Blue Horizon Sessions"
"A","Blues For The Hook","James Cotton","35th Anniversary Jam"
"A","Boll Weevil","Little Walter","The Blues World Of Little Wal"
"A","Bombay Stroll","Aki Kumar","It Takes Three"
"A","Boogie All Night","Kim Wilson","Tiger Man"
"A","Boogie mix","Jean Jacques Milteau","Bastille Blues"
"A","Boogie Thing","Muddy Waters","Harp Legends, Vol 2"
"A","Boom, Boom, Out Go The Lights","Little Walter","Boss Blues Harmonica"
"A","Bright Lights, Big City","Jimmy Reed","The Very Best of Jimmy Reed"
"A","Bring It On Home","Rod Piazza","Stone Dirt"
"A","Brother John","Blues Traveler","Four"
"A","Callin' My Mama","Sonny Terry","Sonny Is King"
"A","Can't Hold Out Much Longer","Big Walter Horton","with Carey Bell"
"A","Careless Love","Paul Lamb","Goin Down The Road"
"A","Careless Love","Big Walter Horton","Can't Keep lovin' You"
"A","C-Boy Blues","Kim Wilson","The Fabulous Thunderbirds"
"A","Changed The Lock On My Door","Sonny Terry","Sonny Is King"
"A","Cherry Pink & Apple Blossom White","The Fabulous Thunderbirds","Portfolio"
"A","Cherry Pink & Apple Blossom White","Mark Feltham","Duo"
"A","Chicago Bound","Jimmy Rogers","Complete Chess Recordings (Disc 1)"
"A","Choking Blues (1st position)","Kyle Wooten","Harmonica Masters"
"A","Clarksdale Getaway","Charlie Musselwhite","The Well"
"A","Cold Outdoors","Taildragger & Bob Corritore","Longtime Friends In The Blues"
"A","Come Back Baby (3rd position)","Kim Wilson","Tiger Man"
"A","Come On Little Girl","Walter 'Shakey' Horton","Walter ""Shakey"" Horton Live @ The Union Bar"
"A","Cornbread","James Harman","Strictly Live... In `85!"
"A","Country Boy","James Cotton","Deep In The Blues"
"A","Crazy in Love","Tommy Allen & Johnny Hewitt","Live at Bronte Blues Club"
"A","Creeper Creeps Again","James Cotton","100% Cotton"
"A","Cry Before I Go (1st position)","Jimmy Reed","Blues Harp Boogie"
"A","Cut You Loose","Buddy Guy","Alone & Acoustic"
"A","Davidson County Blues","De Ford Bailey","Harmonica Blues"
"A","Diggin` My Potatoes","Buddy Guy","Alone & Acoustic"
"A","Dixie Diner","Greg Taylor","Blues Harp Boogie"
"A","Dixie Flyer Blues","De Ford Bailey","Harp Blowers"
"A","Do What You Do","Greg Zlap","Harmonica Madness"
"A","Don't Get Around Much Anymore","Walter 'Shakey' Horton","Walter ""Shakey"" Horton Live @ The Union Bar"
"A","Down At Antones","Kim Wilson","Tuff Enuff"
"A","Dump That Chump","Little Charlie & The Nightcats","Captured Live"
"A","Dust My Broom","Sonny Boy Williamson II","King Biscuit Time"
"A","Early One Monday Morning","George Smith","Harmonica Ace - The Modern Masters"
"A","Easy","Carey Bell","Deep Down"
"A","Eldorado Cadillac","Billy Boy Arnold","Checkin' It Out"
"A","Evans' Shuffle","Muddy Waters (Little Walter)","Blowing The Blues"
"A","Evening Sun","Johnny Shines (Walter Horton)","Johnny Shines and Robert Lockwood"
"A","Everybody's Fishin","James Cotton","Deep In The Blues"
"A","Everything Is Broken","Bob Dylan","Oh Mercy"
"A","Extra Napkins","James Harman","Sparks Flying: Live in 1992"
"A","Expression Session","Rod Piazza","Soul Monster"
"A","Feel So Good","Paul Lamb","Goin Down The Road"
"A","Fine And False Voice","Sonny Terry","Harmonica & Vocal Solos"
"A","Fox Chase","De Ford Bailey","Harp Blowers"
"A","Freight Train","Joan Pau Cumellas & Miguel Talavera","Rollin' and Tumblin'"
"A","F**ked Up Again","Los Reyes Del K.O.","Live In Yorckschlosschen Berlin"
"A","Funny Thing","Carlos del Junco","Big Boy"
"A","Get Me Some","Will Wilde","Raw Wilde"
"A","Girl O' Mine","Joe Filisko & Eric Noden","I.C. Special"
"A","Goin Down The Road","Paul Lamb","Goin Down The Road"
"A","Good Moanin' B","Big Walter Horton","Chess Blues (1960-1967)"
"A","Got My Mojo Workin'","Muddy Waters","His Best"
"A","Greia","Jefferson Goncalves","Conexao Nordeste - Greia Ao Vivo"
"A","Grown Men Cry","Billy Branch","The Blues Keep Following Me Around"
"A","Guitar & Harmonica Rag","Cephas & Wiggins","Living Country Blues USA Vol 1"
"A","Guitar Highway","Sonny Terry","Brownie & Sonny Sing"
"A","Hard Hearted Woman","Walter Horton","They Call Me Big Walter"
"A","Hot Shot Love","Various - Jazz, Blues, Funk","Sun Records 25 More Blues Classics"
"A","Harmonica Party","Mark Hummel","Harmonica Party"
"A","Harmonica Stomp","Sonny Terry","Harmonica & Vocal Solos"
"A","Harpoventilating","Mark Hummel","Ain't Easy No More"
"A","Happy Fool","Los Reyes Del K.O.","It's Fiesta Time"
"A","Harry's Grove","Muddy Waters","Chicago 1979"
"A","Heaven's Where You'll Dwell","Carlos del Junco","Big Boy"
"A","Hey Woman (1st position)","Paul Lamb","Shifting Into Gear"
"A","High Temperature","Little Walter","Little Walter Collection"
"A","Honest I Do","Jimmy Reed","The Very Best of Jimmy Reed"
"A","Honest I Do","James Cotton","Take Me Back"
"A","Honey Bee","Kenny Sultan/Tom Ball","20th Anniversary: Live!"
"A","Honeydripper","Big John Wrencher","Blowing The Blues"
"A","Hoochie Coochie Man (1st position)","Muddy Waters","Anthology"
"A","Hoof and Mouth","Mark Graham","Southern Old-Time Harmonica"
"A","Hootin' Blues","Sonny Terry","Folk Blues"
"A","Hotso (3rd position)","Dennis Gruenling","Rockin' All Day"
"A","House Rockin' Party","Gary Primich","Travelin' Mood"
"A","How Come You Women Look So Good","Rod Piazza","Modern Master The Best of Rod Piazza"
"A","How Long Can A Fool Go Wrong (1st position)","James Cotton","Live and On the Move"
"A","I Ain't Got You","Laurie Garman","The Very Best of the City Shakers"
"A","I Can't Be Satisfied","Joan Pau Cumellas","Miguel Talavera & Joan Pau Cumellas"
"A","I Feel So Good","Los Reyes Del K.O.","Live In Yorckschlosschen Berlin"
"A","I Got A Woman","Paul Lamb","Snakes and Ladders"
"A","I Got My Mojo Working","Laurie Garman","The Very Best of the City Shakers"
"A","I Got To Find My Baby","Muddy Waters","One More Mile"
"A","I Got To Go","Carey Bell","Deep Down"
"A","I Got To Go","Los Reyes Del K.O.","Live In Yorckschlosschen Berlin"
"A","I Had My Fun","Rod Piazza","Vintage Live 1975"
"A","I Keep It To Myself","West Weston / Wilko Johnson","Going Back Home"
"A","I Just Keep Loving Her","Little Walter","The Blues World Of Little Walter"
"A","I Used To Have A Home","Keith Dunn","Alone With The Blues"
"A","Ice Water Blues","Deford Bailey","Harp Blowers (1925-1936)"
"A","If I Get Lucky","Walter Horton","Blind Pig Records - 20th Anniversary"
"A","I'm Your Slave","Harmonica Red & Clarence Edwards","Blues Harp Boogie"
"A","Is It Love?","Norton Buffalo","King of the Highway"
"A","It's Not Easy","Walter Horton","Live at the Knickerbocker"
"A","Jersey Bounce","Carlos Del Junco","Steady Movin'"
"A","John Henry","De Ford Bailey","Harp Blowers"
"A","John Henry","Sonny Terry & Brownie McGhee","Sonny & Brownie Sing"
"A","John Henry","Walter Horton","Fine Cuts"
"A","Ju Ju Cocktail","Rod Piazza And The Mighty Flyers","Live At B. B. King's"
"A","Juke (Alternate)","Little Walter","Blues With A Feelin'"
"A","Juke","Kim Wilson","Music From The Motion Picture Cadillac Records"
"A","Juke","Little Walter","Chess Blues"
"A","Jump For It","Paul Lamb","Harmonica Man"
"A","Jump The Boogie","Papa Lightfoot","Wine, Women & Whiskey"
"A","Just Show It To Me","Mitch Kashmar","Nickels & Dimes"
"A","Key To The Highway","Sonny Terry","Blues with Big Bill Broonzy, Sonny Terry, Brownie McGhee"
"A","La Cucharacha","Walter Horton","Fine Cuts"
"A","Leaning Blues","Jason Ricci","Dirty Memory"
"A","Lester's Comet","Lester Davenport","It's Great To Be Rich"
"A","Little Boy Blue","Walter 'Shakey' Horton","Walter ""Shakey"" Horton Live @ The Union Bar"
"A","Live The Life I Love","Muddy Waters (Little Walter)","Anthology"
"A","Livin' in the Belly","Tommy Allen & Johnny Hewitt","Live at Bronte Blues Club"
"A","Lock Doctor","The James Harman Band","Black & White"
"A","Locomotive Blues","Sonny Terry","Harmonica & Vocal Solos"
"A","Looka Here","Walter Horton","Looka Here"
"A","Lost In The Shuffle","Mark Hummel","Harmonica Blues"
"A","Lost John","Sonny Terry","The Folkway Years, 1944-1963"
"A","Louise","Sonny Terry","Harmonica and Vocal Solos"
"A","Love Like A Rock (In A Stormy Sea)","Rory McLeod","Footsteps And Heartbeats"
"A","Luedella","Jimmy Rogers (Little Walter)","Complete Chess Recordings (Disc 1)"
"A","Mad River","Roly Platt","Inside Out"
"A","Major Blue (II)","The Rhythm Junks","Virus B-23"
"A","Make A Little Money","Sonny Terry","Brownie & Sonny Sing"
"A","Mamie","Muddy Waters","I'm Ready"
"A","Marjorie (12th Position - song key D","Carlos del Junco","Hang On"
"A","Matchstick","Dave Barrett","History of the Blues Harmonica"
"A","Mean Mistreater","Walter 'Shakey' Horton","Walter ""Shakey"" Horton Live @ The Union Bar"
"A","Mean Mistreatin Mama","Will Wilde","Raw Blues"
"A","Mean Old Frisco","Sonny Terry","Whoopin' The Blues"
"A","Meanest Woman","Muddy Waters","One More Mile"
"A","Messin' With The Booze","Laurie Garman","The Very Best of the City Shakers"
"A","Mississippi March","Jason Ricci","Down At The Juke"
"A","Moanin' At Midnight","Howling Wolf","His Best"
"A","Money World","Paul Lamn","Snakes and Ladders"
"A","Mountain Dew","Filisko & Noden","Live"
"A","Mr Lamb's Groove Walk","Paul Lamb","Hole In The Wall"
"A","Muscle Shoal Blues","De Ford Bailey","Maverick Country"
"A","My Babe","Kim Wilson","The Memphis Barbeque Sessions"
"A","My Babe","Paul Butterfield","Paul Butterfield Teaches Blues Harmonica"
"A","My Baby Done Gone","Sonny Terry","Sonny' Story"
"A","My Fault","Muddy Waters","The Muddy Waters Box Set"
"A","My Home Is A Prison","Various Artists","Blues Harmonica Spotlight"
"A","Mystery Train","Paul Butterfield","The Paul Butterfield Blues Band"
"A","Mystery Train","The Band","The Last Waltz"
"A","Nashville Yodelling Blues (Country tuning)","Mikael Backman","Lucky Luck"
"A","New Harmonica Boogie","Peter Madcat Ruth","Key To The Highway"
"A","New River Train","Mark Graham","Southern Old-Time Harmonica"
"A","Niech Poplyna Lzy","Greg Zlap","Air"
"A","Nineteen Years Old","Muddy Waters","Anthology"
"A","No Escape From The Blues","Muddy Waters","King Bee"
"A","Nomad Blues","Paul Lamb","I'm On A Roll"
"A","Nowa","Greg Szlapczynski","Varsovie"
"A","Oat Bran","Paul DeLay","Take It From The Turnaround"
"A","Odd rush","Jean Jacques Milteau","Grand Blues Band"
"A","Off The Wall","Walter Horton","Sun Records 25 More Blues Classics"
"A","Oh, What A Beautiful City","Sonny Terry","Harmonica & Vocal Solos"
"A","Old Jabo","Sonny Terry","Brownie & Sonny Sing"
"A","On The Road Again (6 draw tuned up to G)","Canned Heat","The Best Of Canned Heat"
"A","On The Road Again","Nine Below Zero","Give Me No Lip Child"
"A","One Of These Mornings (3rd Position)","Little Walter","Blues With A Feeling"
"A","Other Side Of Town","William Clarke","The Hard Way"
"A","Our Man Flint","Carlos Del Junco","Blues Mongrel"
"A","Pan American Blues","De Ford Bailey","Vintage Novelty Songs"
"A","Philly Shimmy","Steve Guyger","Last Train To Dover"
"A","Playin' It Forward","Dave Barrett, Aki Kumar","It Takes Three"
"A","Playing With The Thing","Sonny Terry","Going It Alone"
"A","Pocket Rocket","Kim Wilson","The Fabulous Thunderbirds"
"A","Pretty Baby","Paul Orta","Harp Legends II"
"A","Randy & Ry","Jean Jacques Milteau","Routes"
"A","Rattlesnake","John Brim (Little Walter)","Blues Harmonica Collection"
"A","Ready Steady Stroll","Mark Hummel","Retro-Active"
"A","Red Headed Woman","Little Walter","The Blues World Of Little Walter"
"A","Riding Out The Winter","Buddy Greene","Harmonica Anthology"
"A","Riffin'","Junior Wells","Buddy and the Juniors"
"A","RJ Come & Get It","RJ Mischo","He Came To Play"
"A","Roadhouse Blues","The Doors","The Best Of The Doors"
"A","Rockett 88","James Cotton","100% Cotton"
"A","Rocket 88","Carlos del Junco","Just Your Fool"
"A","Rocket 88","Nine Below Zero","Live At The Marquee"
"A","Rock Me","Muddy Waters (Little Walter)","I'm Ready"
"A","Rock Me","Paul Butterfield","Paul Butterfield Teaches Blues Harmonica"
"A","Rockin' My Boogie","Walter Horton","Blues Harp Boogie"
"A","Rocking Daddy","Rod Piazza","Vintage Live 1975"
"A","Roller Coaster","Little Walter","His Best"
"A","Route 19","Charlie Musselwhite","Sanctuary"
"A","Rule The Road","Paul Butterfield","Better Days"
"A","Session Shuffle","Steve Baker","Steve Baker Play Along"
"A","Shake Dancer","Bacon Fat","Tough Dude"
"A","Shake Down","Sonny Terry and Brownie McGhee","Sonny Terry Complete Recordings 1938-1945"
"A","Shake Your Hips","Slim Harpo","Best Of"
"A","Shakey's Jump","Jason Ricci","Down At The Juke"
"A","She's Gone","Erroll Lynton","Roots Stew"
"A","She's So Sweet","Sonny Terry","Sonny Is King"
"A","She's Tuff","The Fabulous Thunderbirds","Portfolio"
"A","Ships On The Ocean","Junior Wells","Hoodoo Man Blues"
"A","Shortnin' Bread","Sonny Terry","Harmonica & Vocal Solos"
"A","Should Be Mine","Paul Lamb","Harmonica Man"
"A","Simple Twist Of Fate","Bob Dylan","Blood On The Tracks"
"A","Smokin' Joint","Kim Wilson","Smokin' Joint"
"A","Snake Dancer","Little Walter","Little Walter Collection"
"A","Snakeskin Jump","Paul Lamb","Harmonica Man"
"A","Snake Oil","Steve Guyger","Past Life Blues"
"A","Snap, Crackle & Hop","Rod Piazza","Thrillville"
"A","Somebody Is Calling Me Home","William Clarke","Groove Time"
"A","Sonja","Jason Ricci","Rocket Number 9"
"A","Sonny Boy Williamson","Paul Jones & Jack Bruce","Blowing The Blues"
"A","Sonny Terry Medley","Joe Filisko","History of the Blues Harmonica"
"A","Soul Desire","Jason Ricci","Down At The Juke"
"A","Southern Lady","Rod Piazza","Modern Master The Best of Rod Piazza"
"A","Spoonful","Howlin' Wolf","His Best: Chess 50th Anniversary Collection"
"A","St. James Infirmary","Paul Butterfield","Paul Butterfield Teaches Blues Harmonica"
"A","St. Louis Blues","Carey Bell & Tough Luck","Mellow Down Easy"
"A","Stone Fox Chase","Mark Feltham","Duo"
"A","Stone Fox Chase","Nine Below Zero","Cold Cool Heart"
"A","Stranded","Joe Filisko & Eric Noden","I.C. Special"
"A","Streamline Woman","Muddy Waters","One More Mile"
"A","Sugar Mama","Walter Horton","They Call Me Big Walter"
"A","S'spicious Woman","Lee Sankey","My Day Is Just Beginning"
"A","Sweet Lolita","Various Artists","Blues Harmonica Spotlight"
"A","Switch","RJ Mischo","He Came To Play"
"A","T mcp","Jean Jacques Milteau","Memphis"
"A","T V Crazy","Little Charlie & The Nightcats","Genuine Houserockin` Music II"
"A","T.D.'s Boogie Woogie","James Cotton & Billy Branch","Super Harps"
"A","Taco Twist","West Weston's Bluesonics","Ain't Nothin But Blues Collection Vol 4"
"A","Take A Train","Charlie McCoy","Best Of"
"A","Take These Chains","Paul Lamb","Goin Down The Road"
"A","Tangled Up In Blue (1st position)","Bob Dylan","Blood On The Tracks"
"A","Tater Pie","Sonny Terry","Sonny Is King"
"A","Telephone Blues (3rd position)","George Smith","Harmonica Ace - The Modern Masters"
"A","Tell Me Baby","Big Walter Horton","Big Walter Horton with Carey Bell"
"A","Temperature","Little Walter","Blues With A Feelin'"
"A","Temptation Blues","Big Walter Horton","Big Walter Horton with Carey Bell"
"A","That's All Right","Jimmy Rogers","Complete Chess Recordings (Disc 1)"
"A","The Blow Zone Layer","Jason Ricci","Rocket Number 9"
"A","The Blues Keep Following Me Around","Billy Branch","The Blues Keep Following Me Around"
"A","The Chopped Up Onion Blues","Brendan Power","Jig Jazz"
"A","The Dingle Angle","Brendan Power","Tradish"
"A","The Eternal Is","Jason Ricci","Rocket Number 9"
"A","The Real Blues Reel","Brendan Power","Tradish"
"A","The sailor & the maid","Jean Jacques Milteau","Routes"
"A","The Sky Is Crying","Little Walter","Roots Of The Blues"
"A","The Train That Carried My Girl From Town","Buddy Greene","Harmonica Anthology"
"A","The Under Dog","Paul Lamb","Goin Down The Road"
"A","The Creeper","James Cotton","35th Anniversary Jam"
"A","They Call Me Big Walter","Walter Horton","They Call Me Big Walter"
"A","Things Ain't Right","Kim Wilson","My Blues"
"A","Thinking With The Wrong Head","Little Charlie & The Nightcats","Captured Live"
"A","This Train Is Going Nowhere","Greg Zlap","Air"
"A","Tired as a Man Can Be","Kenny Sultan/Tom Ball","20th Anniversary: Live!"
"A","Too Late","Bacon Fat","Grease One For Me 320"
"A","Train Smoke Blues","Joan Pau Cumellas & Miguel Talavera","Rollin' and Tumblin'"
"A","Trick Of The Blues","Cadillac Kings","Highway 17"
"A","Triple Trouble","Gary Primich","Travelin' Mood"
"A","Trouble In Mind","Walter Horton","Live 1978"
"A","Trying So Hard","William Clarke","Blowin' Like Hell"
"A","Tuff Days","Alan Glen with Incredible Blues Puppies","Zip Your Lip"
"A","Twelve Gates To The City","Joe Filisko","Live At Cornerstone Festival 2012"
"A","Two Old Maids","Walter Horton","Live At The Knickerbocker"
"A","Uncle Bud","Sonny Terry","Whoopin The Blues"
"A","Up Country Blues","Deford Bailey","Harp Blowers (1925-1936)"
"A","Wake Up Call","James Harman","Do Not Disturb"
"A","Walkin' Down to Suzy's","Norton Buffalo","Desert Horizon"
"A","Walkin' Thru The Park","Muddy Waters","Greatest Hits"
"A","Walter's Blues","Little Walter","Little Walter Collection"
"A","Walter's Boogie","Walter Horton","An Offer You Can't Refuse"
"A","West Helena Blues","George Smith","Harp Blues"
"A","Whammer Jammer","J Geils Band","Best of the J Geil's Band"
"A","When I Get Drunk","Carey Bell","Deep Down"
"A","Who","Little Walter","Blues With A Feelin'"
"A","Whoopin The Blues","Sonny Terry","Whoopin' The Blues"
"A","Whoopin' The Blues","Filisko & Noden","Live"
"A","Whoopin' The Doop","Sonny Terry","Whoopin'"
"A","Whoopin'","Paul Lamb","Harmonica Man"
"A","Who's Been Talkin'","Howlin' Wolf","His Best: Chess 50th Anniversary Collection"
"A","Wine Spoody Oody","Paul Lamb","Goin Down The Road"
"A","Women so good","Tommy Allen & Johnny Hewitt","Live at Bronte Blues Club"
"A","You Can't Live Long","Floyd Jones (Little Walter)","The Chronological Floyd Jones"
"A","You Gonna Be Sorry (3rd position)","Little Walter","Blues With A Feelin'"
"A","You'd Better Mind","Paul Lamb","I'm On A Roll"
"A","Your Red Wagon","Kenny Sultan/Tom Ball","20th Anniversary: Live!"
"A","You're So Fine","Little Walter","Harp and Soul"
"A","Zip Your Lip","Alan Glen","Zip Your Lip"
"Bb","12 bars","Jean Jacques Milteau","Blues harp"
"Bb","After-While (Blue Lights)","Papa Lightfoot","Blowing The Blues"
"Bb","Ahw Baby","Billy Boy Arnold","Checkin' It Out"
"Bb","Ain't No Need To Go No Further","Paul Butterfield","An Anthology: The Elektra Years"
"Bb","All Night Long","Muddy Waters (Little Walter)","Rollin' Stone: Golden Ann. Collection"
"Bb","Angry Woman","Joe Filisko & Eric Noden","I.C. Special"
"Bb","Astatic Stomp","George Smith","Now You Can Talk About Me"
"Bb","Baby Scratch My Back","Slim Harpo","Best Of"
"Bb","Baby What You Want / Bright Lights","Kim Wilson","On The Jimmy Reed Highway"
"Bb","Backscratcher","Mark Hummel","Harmonica Party"
"Bb","Back Track","Little Walter","The Essential Little Walter"
"Bb","Bad Bad Whiskey","Buddy Guy","Buddy Guy & Junior Wells Play"
"Bb","Basin Street Blues","Charlie McCoy","Harpin' the Blues"
"Bb","Bay Rum Blues","Filisko & Noden","Live"
"Bb","Beale street (3rd position)","Jean Jacques Milteau","Merci d'etre Venus"
"Bb","Before You Do Your Thing","George Smith","Blue Horizon Sessions"
"Bb","Bi Sagardo","Joan Pau Cumellas & Miguel Talavera","Rollin And Tumblin'"
"Bb","Big Leg Mama","Little Walter","Harp and Soul"
"Bb","Blow! Blow! Blow!","Dave Barrett","It Takes Three"
"Bb","Blue Midnight (Alternate)","Little Walter","Blues With A Feelin'"
"Bb","Blue Midnight","Piazza, Rod","Modern Master The Best of Rod Piazza"
"Bb","Blue Midnight","Little Walter","The Complete Chess Masters"
"Bb","Blues Leave Me Alone","Kim Wilson","That's Life"
"Bb","Blues Penitentiary","Jason Ricci","Blood On The Road"
"Bb","Boogie","Little Walter","The Complete Chess Masters"
"Bb","Boogy Fool","Snooky Prior","Birth of the Blues Legend"
"Bb","Boom Boom","Bacon Fat","Grease One For Me"
"Bb","Born With Nothing","Muddy Waters","Woodstock Album"
"Bb","Bottom Blues","Sonny Terry","Whoopin' The Blues"
"Bb","Breathtakin' Blues (4th position)","Rhythm Willie","Harmonica Blues Essentials"
"Bb","Broke My Baby's Heart","Hazmat Modine","Bahamut"
"Bb","Broke My Baby's Heart","Paul Butterfield","Better Days"
"Bb","Cami de Longford","Joan Pau Cumellas & Miguel Talavera","Rollin' And Tumblin'"
"Bb","Can't Hold Out Much Longer","Magic Dick","Harmonica Blues"
"Bb","Cha Cha In Blue","Junior Wells","Essential Blues Masters"
"Bb","Chasin The Gator","William Clarke","Serious Intentions"
"Bb","Chicago Breakdown","Doctor Ross","Chicago Breakdown"
"Bb","Chickasaw Special","Noah Lewis","Blowing The Blues"
"Bb","Christo Redemptor (3rd position)","Charlie Musselwhite","Stand Back!"
"Bb","Cold Tile Floor","The James Harman Band","Black & White"
"Bb","Country Boy","Muddy Waters (Little Walter - 1st electric)","One More Mile"
"Bb","Dead Presidents","Little Walter","The Chess Box"
"Bb","Don't Get Around Much Anymore","Walter Horton","Fine Cuts"
"Bb","Down The Road","Paul Lamb","On A Roll"
"Bb","Easy (I Almost Lost My Mind)","Walter Horton","Blues Harmonica Giant"
"Bb","Easy Rider","Paul Lamb","Snakes and Ladders"
"Bb","Everything Gonna Be Alright","Paul Butterfield","An Offer You Can't Refuse"
"Bb","Fast Boogie (Alternate)","Little Walter","Blues With A Feelin'"
"Bb","Forrest City Jump (3rd position)","Forrest City Joe","Downhome Blues 1959"
"Bb","Forty-Four","Howlin' Wolf","His Best: Chess 50th Anniversary Collection"
"Bb","Full Court Press","Magic Dick & J. Geils","Bluestime"
"Bb","Funny Sounds","Muddy Waters","Woodstock Album"
"Bb","Further on up the road","Jean Jacques Milteau","Blues Live 1"
"Bb","Gary Stomp","John Brim","The Chronological John Brim"
"Bb","Gina's Groove","William Clarke","The Early Years Vol 1"
"Bb","Ghosting","Rod Piazza","Beyond The Source"
"Bb","Going Down This Highway","William Clarke","Deluxe Edition"
"Bb","Going Down To Main Street","Muddy Waters","Muddy Waters Woodstock Album"
"Bb","Gone To Main Street","Muddy Waters","Classics: 1950-1952"
"Bb","Got Love If You Want It","Alan Glen with Incredible Blues Puppies","Zip Your Lip"
"Bb","Hamp's Boogie Woogie","George Smith","Blue Horizon Sessions"
"Bb","Heddon Tadpolly Spook","Carlos del Junco","Big Boy"
"Bb","Help Me","Sonny Boy Williamson II","His Best"
"Bb","Hootin & Tootin","Paul & Chad","Goin Down The Road"
"Bb","Hound Dog (3rd position)","Walter Horton","They Call Me Big Walter"
"Bb","I Don`t Play","Mitch Kashmar","Nickels & Dimes"
"Bb","I Got Love If You Want It","Slim Harpo","Rocks"
"Bb","Ida Mae","Paul & Chad","Goin Down The Road"
"Bb","I'm Getting Tired","Sonny Boy Williamson II","1963 American Folk Blues Festival"
"Bb","Iodine In My Coffee","Muddy Waters","Greatest Hits"
"Bb","It Should've Been Me","Kenny Sultan/Tom Ball","20th Anniversary: Live!"
"Bb","It Takes Three","Gary Smith, Dave Barrett, Aki Kumar","It Takes Three"
"Bb","I've Got To Be With You Tonight (3rd position)","Slim Harpo","The Excello Singles Anthology"
"Bb","Jaybird Moan","Joe Filisko & Eric Noden","I.C. Special"
"Bb","Jenny Brown","Gary Primich","Harmonica Blues"
"Bb","Juicy Harmonica","Rod Piazza","Modern Master The Best of Rod Piazza"
"Bb","Jukin' With Walter","Walter Horton","Blues Harp Boogie"
"Bb","Keep Her At Home","Sugaray Rayford w Randy Chortkoff","Dangerous"
"Bb","Kidney Stew","Kenny Sultan/Tom Ball","20th Anniversary: Live!"
"Bb","Knock Me a Kiss","Gary Primich","Travelin' Mood"
"Bb","La Part Du Diable","Greg Zlap","La Part Du Diable"
"Bb","Last Boogie","Little Walter","Blues With A Feelin'"
"Bb","Last Night","Paul Butterfield","The Paul Butterfield Blues Band"
"Bb","Last Night","Paul Butterfield","An Offer You Can't Refuse"
"Bb","Leaning On The Shovel Of Life","Ian Briggs","Blues Avenue"
"Bb","Let It Ride","James Harman","Takin' Chances"
"Bb","Let The Good Times Roll","Muddy Waters","Woodstock Album"
"Bb","Life Will Be Better (also some 3rd position)","Sugar Ray Norcia","Super Harps"
"Bb","Like Wolf","Sonny Boy Williamson II","Work With Me"
"Bb","Little Boy Blues","Big Walter Horton","Big Walter Horton with Carey Bell"
"Bb","Little Queen Bee","Slim Harpo","Best Of"
"Bb","Little Walter's Boogie","Walter Horton","Sun Records The Blues Years 1950-1958"
"Bb","Live The Life I Love","Muddy Waters","Anthology"
"Bb","Lonesome Bedroom Blues","William Clarke","Blowin' Like Hell"
"Bb","Long Distance Call","Muddy Waters","Anthology"
"Bb","Lost in a Dream","Paul deLay Band","Last of the Best"
"Bb","Lovin' Cup","Paul Butterfield","An Anthology: The Elektra Years"
"Bb","Master lester","Jean Jacques Milteau","Memphis"
"Bb","Mean Little Mama","Billy Branch & Sugar Ray Norcia","Super Harps"
"Bb","Miss Boogie (part 1)","Jean Jacques Milteau","Routes"
"Bb","Monkey Lips","Lee Sankey","Tell Me There's A Sun"
"Bb","Moody Blues","Slim Harpo","Sings Raining In My Heart"
"Bb","My Babe","Little Walter","My Babe"
"Bb","My Babe (Part 2)","George Smith","Blue Horizon Sessions"
"Bb","My Baby Don't Love Me No More","Paul Lamb","I'm On A Roll"
"Bb","My Kind Of Baby","Little Walter","Blues With A Feelin'"
"Bb","My Life Is Ruined","Muddy Waters","BD Music Presents Muddy Waters"
"Bb","New John Henry","Sonny Terry","Sonny Terry Complete Recordings 1938-1945"
"Bb","No One Gets Out of Here Alive","Joe Filisko & Eric Noden","I.C. Special"
"Bb","Nosey Neighbours","Laurie Garman","The Very Best of the City Shakers"
"Bb","On Fire","Dennis Gruenling","Up All Night"
"Bb","One Room Country Shack","Paul Butterfield","An Offer You Can't Refuse"
"Bb","Ora-Nelle Blues (first recording by LW)","Little Walter","Maxwell Radio Record Co."
"Bb","PaÃ­s Dixie","Joan Pau Cumellas & Miguel Talavera","Rollin' and Tumblin'"
"Bb","Paul Butterfield Tribute","Kiinya Pollard","History of the Blues Harmonica"
"Bb","Poor Boy","Paul Butterfield","An Offer You Can't Refuse"
"Bb","Pour Le Meilleur","Greg Zlap","Harmonica Madness"
"Bb","Quarter To Twelve","Little Walter","Confessin' The Blues"
"Bb","Rainy Day Women No #12 & 35","Bob Dylan","Blonde On Blonde"
"Bb","Red-winged Blackbird","Madcat Ruth","Harmonica & Ukelele Project"
"Bb","River`s Invitation","James Cotton","35th Anniversary Jam"
"Bb","Rock Me","Slim Harpo","Best Of"
"Bb","Rock With You Baby","Rod Piazza (with Jimmy Rogers)","Feelin' Good"
"Bb","Rockin' My Boogie","Walter Horton","Live At The El Mocambo"
"Bb","Run Here Boy","Alan Glen with Little Axe","Zip Your Lip"
"Bb","Sad Hours","Little Walter","Harp and Soul"
"Bb","Saturday Night Blues","William Clarke","Pawn Shop Bound"
"Bb","School Is Over","Steve Guyger","Radio Blues"
"Bb","Screamin' And Cryin'","Muddy Waters","Hoochie Coochie Man"
"Bb","Sharp Harp","George Smith (with Champion Jack Dupree)","Sharp Harp"
"Bb","Sharp Harp","Dave Barrett","History of the Blues Harmonica"
"Bb","She Moves Me","Muddy Waters (Little Walter)","Anthology"
"Bb","She Was a Dreamer","Gary Primich","Travelin' Mood"
"Bb","She's Not Alone","Lee Sankey","The Lee Sankey Group"
"Bb","Sittin' On Top Of The World","Howling Wolf","Blues V.I.P."
"Bb","So Sorry To Leave You","Grant Dermody","Sun Might Shine On Me"
"Bb","Sonny's Coming","Sonny Terry","Sonny Is King"
"Bb","Southern Woman","Walter Horton (with Tommy Brown)","Blues In D Natural"
"Bb","Special 20","Jean Jacques Milteau","Blues harp"
"Bb","Standin' Around Cryin'","Muddy Waters (Little Walter)","Anthology"
"Bb","Steady","Jerry McCain","Harp Blues"
"Bb","Steady","Dave Barrett","History of the Blues Harmonica"
"Bb","Steady Roll","Hazmat Modine","Bahamut"
"Bb","Stone In My Shoe","Lee Sankey","She's Not Alone"
"Bb","Sugar Mama","Joe Filisko","History of the Blues Harmonica"
"Bb","Swamp Funk Thing","Brendan Power","Jig Jazz"
"Bb","That's Allright","Paul Butterfield","Original Lost Electra Sessions"
"Bb","That's It","Dennis Gruenling","A Tribute To Little Walter"
"Bb","That's It (3rd position)","Little Walter","22 Great Harmonica Performances"
"Bb","The Hucklebuck","James Cotton","Super Harps"
"Bb","The Poodle Bites","Gary Primich","Travelin' Mood"
"Bb","The Stuff You Gotta Watch","Muddy Waters","Greatest Hits"
"Bb","They Call Me Lazy","Lazy Lester","Deep Harmonica Blues"
"Bb","They Want Money","Rod Piazza And The Mighty Flyers","Live At B. B. King's, Memphis"
"Bb","Things Ain't Right","Jerry McCain","Deep Harmonica Blues"
"Bb","Things Ain't What They Used To Be","Jason Ricci","Down At The Juke"
"Bb","This Time, This Time","Rod Piazza","Beyond The Source"
"Bb","Thunder (3rd position)","Paul Oscher, Steve Guyger","Deep In The Blues"
"Bb","Too Much Whiskey","Joe Filisko & Eric Noden","I.C. Special"
"Bb","Train Time","Forrest City Joe","Downhome Blues 1959"
"Bb","Travelin' Mood","Gary Primich","Travelin' Mood"
"Bb","Unlucky In Love","Satan & Adam","Living On The River"
"Bb","Waddle","RJ Mischo","He Came To Play"
"Bb","Walk On","Mark Feltham","Duo"
"Bb","Walking, By Myself","Nine Below Zero","Hat's Off"
"Bb","Walter's World","Jason Ricci","Blood On The Road"
"Bb","West Helena Blues","Kim Wilson","My Blues"
"Bb","Wet Lips","Matyas Pribojszki","Flavours"
"Bb","What's Going On?","West Weston with Trickbag","Goin' Downtown"
"Bb","Women's Blues","Sonny Terry","Harmonica & Vocal Solos"
"Bb","Work Song","Paul Butterfield","East West"
"Bb","Worried Me Blues","Sonny Boy Williamson I","The Bluebird Recordings 1937-1938"
"Bb","Yes, Baby","George Harmonica Smith","Now You Can Talk About Me"
"Bb","You Don't Have To Go","James Cotton with Muddy Waters","22 Great Harmonica Performances"
"Bb","You Don't Have To Go","Jimmy Reed","The Very Best of Jimmy Reed"
"Bb","You Don't Love Me No More","Jerry McCain","Deep Harmonica Blues"
"Bb","You'd Better Mind","Paul Lamb","I'm On A Roll"
"Bb","Young Fashioned Ways (3rd position)","Muddy Waters","Anthology"
"B","Black Rat Swing","Cephas and Wiggins","Richmond Blues"
"B","Country Line Special","Cyril Davies","Living The Blues - Whiter Shade Of Blue"
"B","Good Friend","Joe Filisko & Eric Noden","I.C. Special"
"B","Hittin Heavy","William Clarke","The Early Years Vol 1"
"B","I.C. Special","Joe Filisko & Eric Noden","I.C. Special"
"B","Jitterbug Waltz","Carlos del Junco","Big Boy"
"B","Mine All Mine","Paul deLay","Blues Harp Boogie"
"B","My Baby","Rod Piazza","Stone Dirt"
"B","No Place To Go","Fleetwood Mac","Fleetwood Mac"
"B","One Monkey Don't Stop the Show","Kenny Sultan/Tom Ball","20th Anniversary: Live!"
"B","Rock Bottom","Little Walter","Little Walter Collection"
"B","Sant Elm","Joan Pau Cumellas & Miguel Talavera","Rollin' and Tumblin'"
"B","Should Have Known Better (3rd position)","Billy Branch","The Blues Keep Following Me Around"
"B","Today I Started Loving Again","Charlie McCoy","Best Of"
"B","Tuscaloosa (1st position)","Madcat Ruth","Harmonica & Ukelele Project"
"B","We Can't Agree","Big Joe & His Rhythm","Charlie & Joe McCoy (1936-1944)"
"C","A Fool No More","Eddie Hope & Manish Boys","Harp Blues"
"C","Act Like You Love Me","Little Walter","Jimmy Rogers: His Best"
"C","After Midnight","Joan Pau Cumellas & Miguel Talavera","Rollin' and Tumblin'"
"C","Ah'w Baby","George Smith & Bacon Fat","The Complete Blue Horizon Sessions"
"C","Ah'w Baby","Little Walter","Blues With A Feelin'"
"C","Alberta Hunter","Carlos del Junco","Hang On"
"C","All Blues","Howard Levy","The Molinaro - Levy Project"
"C","All I Have Is Love","Alan Glen with Junior Delgado","Zip Your Lip"
"C","All My Love In Vain","Sonny Boy Williamson","Down And Out Blues"
"C","All Shook Up","Pete G & The Magnitones","Ain't Nothin But Blues Collection Vol 4"
"C","Annie Lee","Billy Boy Arnold","Harp Legends II"
"C","Annie Maybe","Troyce Key","Blues Harp Boogie"
"C","Apple Tree Swing","Sonny Boy Williamson I","Shotgun Blues"
"C","At last, on time","Jean Jacques Milteau","Memphis"
"C","Au bellevue i","Jean Jacques Milteau","Bastille Blues"
"C","Automobile Mechanic","Kenny Sultan/Tom Ball","20th Anniversary: Live!"
"C","Baby Please Don't Go","Muddy Waters","Greatest Hits"
"C","Baby, Please Don't Go","Muddy Waters","Hoochie Coochie Man"
"C","Bare Ass Boogie","Joan Pau Cumellas & Miguel Talavera","Rollin' and Tumblin'"
"C","Bastille Blues","Jean Jacques Milteau","Bastille Blues"
"C","Bay Rum Blues","Ashley And Foster","Harmonica Blues"
"C","Be Careful What You Do","Little Walter with John Brim","The Chronological John Brim 1950-53"
"C","Beer Drinkin' Woman","Gary Primich","Travelin' Mood"
"C","Betty","Bacon Fat","Tough Dude"
"C","Big Boy","Carlos del Junco","Big Boy"
"C","Big Leg Mama","Mark Hummel","Harmonica Party"
"C","Bite Again","William Clarke","Now That You're Gone"
"C","Black Limousine","Jason Ricci JJ Appleton","Dirty Memory"
"C","Blowin My Nuts","William Clarke","The Early Years Vol 1"
"C","Blue hop","Jean Jacques Milteau","Routes"
"C","Bluebird Blues","Sonny Boy Williamson I","The Bluebird Recordings 1937-1938"
"C","Bouh gui !","Jean Jacques Milteau","Blowin' In The Past"
"C","Brick Chicken","Howard Levy","The Stranger`s Hand"
"C","Bring Another Half Pint","Sonny Boy Williamson","Shotgun Blues"
"C","Bring It On Home","Billy Branch","The Blues Keep Following Me Around"
"C","Brutal Hearted Woman","Johnny Shines (Walter Horton)","Johnny Shines and Robert Lockwood"
"C","Bugle Call Blues","Sonny Blake & Mose Vinson","Blues Harp Boogie"
"C","Burn Your Bridges","Cephas & Wiggins","Somebody Told The Truth"
"C","By-Yourself Dance","James Harman","Strictly Live... In `85! Plus"
"C","Cafe Expresso","Jefferson Gonacalves","Conexaeo Nordeste - Gracia Ao Vivo"
"C","Caldonia","Muddy Waters","Woodstock Album"
"C","Can't Hold Out Much Longer","Little Walter","Harp and Soul"
"C","Can't You Hear Me Calling","William Clarke","Can't You Hear Me Calling"
"C","Caress Me Baby","Paul Butterfield","Paul Butterfield Teaches Blues Harmonica"
"C","Castin' My Spell","King Biscuit","aka King Biscuit Boy"
"C","Chicken Shack","Little Walter","Blues With A Feelin'"
"C","Chicken Shack","Rod Piazza","Dirty Blues Band"
"C","Cocaine Habit Blues (1st position)","Memphis Jug Band","Blues Harmonica Masters"
"C","Collector Man Blues","Sonny Boy Williamson I","The Bluebird Recordings 1937-1938"
"C","Come Back Baby","Little Walter","Blues With A Feelin'"
"C","Come On Everybody","Paul Lamb","Shifting Into Gear"
"C","Confessin' The Blues","Little Walter","Confessin' The Blues"
"C","Congo Strutt (flattened 7 draw tuning)","Roly Platt","Inside Out"
"C","Consultation Man","Paul Lamb","Hole In The Wall"
"C","Corrine Corrina","Muddy Waters","Chicago 1979"
"C","Crazy About You Baby","Sonny Boy Williamson II","King Biscuit Time"
"C","Daddy Pinocchio","William Clarke","Groove Time"
"C","Deep Down In Florida","Muddy Waters","Hard Again"
"C","Deetone Dance","Keith Dunn","Alone With The Blues"
"C","Delta Dip","Jason Ricci","Down At The Juke"
"C","Do It If You Wanna","Sonny Boy Williamson II","King Biscuit Time"
"C","Done Quit Drinkin'","Paul Lamb","Harmonica Man"
"C","Don't Let No Woman","Mat Bezants & Adam Franklin","Til I Hear You Talkin"
"C","Don't Start Me Talking","Rod Piazza","Dirty Blues Band"
"C","Don't Start Me Talking","Good Rockin' Charles","Blowing The Blues - A History"
"C","Don't Start Me To Talkin'","Sonny Boy Williamson","Down And Out Blues"
"C","Down Home Blues","James Cotton, Junior Wells, Billy Branch, Carey Bell","Harp Attack"
"C","Down n' Dirty","Jason Ricci","City Country City"
"C","Down South","Sonny Boy Williamson I","The Bluebird Recordings 1937-1938"
"C","Easy Down","Grant Dermody","Sun Might Shine On Me"
"C","Everything Going To Be Alright","The Butterfield Blues Band","The Butterfield Blues Band Live"
"C","Everything's Gonna Be Alright","Little Walter","His Best"
"C","Everything's Gonna Be Alright","Paul Butterfield","An Anthology: The Elektra Years"
"C","Everything Gonna Be Alright","Kim Wilson","My Blues"
"C","Fishin' Blues","Kenny Sultan/Tom Ball","20th Anniversary: Live!"
"C","Fishin' Blues","Madcat Ruth","Harmonica & Ukelele Project"
"C","Fool For Love","Erroll Lynton","Roots Stew"
"C","Georgia On My Mind (Major 7th tuning)","Roly Platt","Inside Out"
"C","Georgie Buck","Madcat Ruth","Harmonica & Ukelele Project"
"C","Get Myself Together","Matyas Pribojszki","Flavours"
"C","Goin' Away Baby","Jimmy Rogers (Little Walter)","The Complete Chess Recordings"
"C","Goin' Back To Texas","Sugaray Rayford (Kim Wilson)","Dangerous"
"C","Greasy Chicken","West Weston with Trickbag","Goin' Downtown"
"C","Gridlock Blues","Joe Filisko & Eric Noden","I.C. Special"
"C","Grindin' Bump","James Harman","Two Sides To Every Story"
"C","Half Moon Bay","Bela Fleck and Howard Levy","Bela Fleck and the Flecktones"
"C","Hand Jive","Mark Hummel","Harmonica Party"
"C","Harmonica Stomp (1st position)","Jazz Gillum","Blowing The Blues - A History Of Blues Harmonica 1926-2002"
"C","Harpin' On A Riff","Carlos del Junco","Just Your Fool"
"C","Hate To See You Go","Little Walter","His Best"
"C","Have A Good Time","Big Walter Horton","Big Walter Horton & Carey Bell"
"C","Hello Stranger","Sonny Boy Williamson II","Deep Harmonica Blues"
"C","Here We Go","Dave Barrett","It Takes Three"
"C","High Compression","James Cotton","High Compression"
"C","Highway 17","Cadillac Kings","Highway 17"
"C","Highway 28 (1st position)","Paul Butterfield","Better Days"
"C","Hilde's Hop","Cadillac Kings","Highway 17"
"C","Hoodoo Hoodoo","Sonny Boy Williamson I","Saga Blues"
"C","Howlin' Wolf Boogie","Howling Wolf","Harp Blues"
"C","I Don't Know (3rd position)","Sonny Boy Williamson II","Down And Out Blues"
"C","I Don't Want You Hanging Around","Various Artists","Blues Harmonica Spotlight"
"C","I Feel So Good","Los Reyes Del K.O.","Live In Yorckschlosschen Berlin"
"C","I Want To Be Loved (1st position)","Muddy Waters","Hard Again"
"C","I Wish You Would","Billy Boy Arnold","Checkin' It Out"
"C","If It Ain't Me (Who You Thinking Of)","Walter Horton (Jimmy Rogers)","Jimmy Rogers Complete Chess Recordings"
"C","I'm Goin' Home","Charlie Musselwhite","Blues Harp Boogie"
"C","I'm Not Rough","J Geils Band","Monkey Island"
"C","I'm Ready","Muddy Waters","Anthology"
"C","I'm Shorty","Walter Horton with Tommy Tucker","Hi-Heel Sneakers"
"C","It Don't Mean a Thing","Joan Pau Cumellas & Miguel Talavera","Rollin' and Tumblin'"
"C","It's Great To Be Rich","Billy Boy Arnold","Checkin' It Out"
"C","It's My Own Fault Baby","Rod Piazza","Stone Dirt"
"C","I've Had My Fun (3rd position: starts on chromatic, then diatonic)","George Smith & Bacon Fat","The Complete Blue Horizon Sessions"
"C","Judgement Day","Honeyboy Hickling","Blue It"
"C","Just You Just Me","PT Gazell","Swingin' Easy...Hittin' Hard"
"C","Just Your Fool","Carlos del Junco","Just Your Fool"
"C","Keep On Diggin","Giles Robson","Crooked Heart of Mine"
"C","Key To The Highway","Big Bill Broonzy (Jazz Gillum)","Complete Recorded Works"
"C","Key To The Highway","Little Walter","Harp and Soul"
"C","Key To The Highway","Paul Butterfield","Paul Butterfield Teaches Blues Harmonica"
"C","Last Night","Paul Butterfield","The Paul Butterfield Blues Band"
"C","Last Night","Joan Pau Cumellas","Miguel Talavera & Joan Pau Cumellas"
"C","Lawdy Miss Clawdy","Paul Lamb","Goin Down The Road"
"C","Le wolf","Jean Jacques Milteau","Bastille Blues"
"C","Let Me Explain","Sonny Boy Williamson","Down And Out Blues"
"C","Let's Celebrate Life","William Clarke","Now That You're Gone"
"C","Let's Try It Again","Big Joe & His Rhythm","Charlie & Joe McCoy 2 (1936-1944)"
"C","Little Red Rooster","Sugar Blue","The Greatest Harmonica Blues"
"C","Little Wing (3rd Position)","Carlos del Junco","Hang On"
"C","Loaded","Paul Butterfield","An Offer You Can't Refuse"
"C","Lollipop Mama","William Clarke","Blowin' Like Hell"
"C","Lonely Crowd","Jean Jacques Milteau","Merci d'etre Venus"
"C","Long Distance Call","Muddy Waters","Anthology"
"C","Long Train Running","The Doobie Brothers","The Captain and Me"
"C","Look At That","The Fabulous Thunderbirds","Tuff Enuff"
"C","Looking For Somebody","Fleetwood Mac","The Essential"
"C","Loose Screws","Helge Tallqvist","Plays George Harmonica Smith"
"C","Losing Hand","The Butterfield Blues Band","The Butterfield Blues Band Live"
"C","Love, Deep As The Ocean","Muddy Waters","Woodstock Album"
"C","Lovin Man","Rod Piazza","Almighty Dollar"
"C","Lovin' Man","Dennis Gruenling","A Tribute To Little Walter"
"C","Low Rider","War","The Best of War"
"C","Mad About Somethin'","James Harman","Do Not Disturb"
"C","Made Me Lonesome","Joe Filisko & Eric Noden","I.C. Special"
"C","Mama Blues","William McCoy","Texas Black Country Dance Music"
"C","Mary Bernice","Billy Boy Arnold","Checkin' It Out"
"C","Mean Old Woman","Sonny Terry","Going It Alone"
"C","Mellow Chick Swing","Sonny Boy Williamson","Shotgun Blues"
"C","Melody Ranch","Charlie McCoy","Best of"
"C","Mercury Blues","Norton Buffalo","Blind Pig Records 30th Anniversary"
"C","Mercy Mercy Mercy","Paul Harrington","Harmonica Soul Serenade"
"C","Mess In The Mountain","Charlie McCoy","Best Of"
"C","Midnight At 7 Bamboo","Gary Smith, Dave Barrett","It Takes Three"
"C","Midnight Blues","Toots Thielemans with Bert Paige Orchestra","Live In Holland, 1970"
"C","Mighty Long Time","Sonny Boy Williamson II","King Biscuit Time"
"C","Mississippi Strut (3rd position)","Greg Zlap","Harmonica Madness"
"C","Mojo Lounge","RJ Mischo","He Came To Play"
"C","More Blues","George Clarke","Harp Blowers"
"C","My Baby Is Sweeter","Little Walter","Blues With A Feelin'"
"C","My Dog Can't Bark","Muddy Waters","One More Mile"
"C","My Friend","Jimi Hendrix","The Cry of Love"
"C","My Head Is A Bad Neighbourhood","Jason Ricci","Blood On The Road"
"C","Myers, Below, Jacob and Myers","Keith Dunn","Alone With The Blues"
"C","Lagan Love","Brendan Power","New Irish Harmonica"
"C","Need My Baby","Walter Horton","Harp Blues"
"C","New Kid On The Block","Billy Branch","Harp Attack"
"C","Nine Below Zero","Muddy Waters","Chicago 1979"
"C","No Glue In The World","Paul Lamb","Harmonica Man"
"C","Ode To Billy Joe","Jason Ricci",""
"C","Off The Wall","Paul Butterfield","The Electra Years"
"C","Off The Wall","George Smith & Bacon Fat","The Complete Blue Horizon Sessions"
"C","Off The Wall","Little Walter","Harp and Soul"
"C","Oh Baby","Kim Wilson","Smokin' Joint"
"C","Old Joe Clarke","Mark Graham","Southern Old-Time Harmonica"
"C","On A Blue Note","Alan Glen","Zip Your Lip"
"C","One More Heartache","Paul Butterfield","An Anthology: The Elektra Years"
"C","One More Mile","Muddy Waters","One More Mile"
"C","Open Up Baby","Walter Horton with George 'Wild Child' Butler","Open Up Baby"
"C","Orange Blossom Special","Jean Jacques Milteau","Blowin' In The Past"
"C","Over The Rainbow (Major 7th tuning","Roly Platt","Inside Out"
"C","Pawnshop Bound","William Clarke","Serious Intentions"
"C","Pigmeat","Cephas and Wiggins","Homemade"
"C","Please Let Me Be Your Santa Claus","William Clarke","20th Century Masters - The Christmas Collection: Blue Christmas"
"C","Poor Boy","Paul Butterfield","An Offer You Can't Refuse"
"C","Rainin' In My Heart","Slim Harpo","Blues From The Heart"
"C","Reuben's Train","Grant Dermody","Sun Might Shine On Me"
"C","Riding The El","Billy Boy Arnold","Checkin' It Out"
"C","Roanoke","PT Gazell","Pace Yourself"
"C","Rocket Ride","Gary Smith, Dave Barrett, Aki Kumar","It Takes Three"
"C","Rock Me","Paul Butterfield","Original Lost Electra Sessions"
"C","Roll Your Moneymaker","The City Shakers","Ain't Nothin But Blues Collection Vol 4"
"C","Rollin` And Tumblin` (Part 1)","Little Walter","The Blues World Of Little Walter"
"C","Rollin` And Tumblin` (Part 2)","Little Walter","The Blues World Of Little Walter"
"C","Roots","Errol Lynton","Roots Stew"
"C","Route 66","Billy Branch & Sugar Ray Norcia","Super Harps"
"C","Royal Shuffle","Jean Jacques Milteau","Memphis"
"C","Ruine Babines Blues","Jean Jacques Milteau","Bastille Blues"
"C","Run Around","Blues Traveler","Four"
"C","Second Voyage Of Noah's Ark","The James Harman Band","Black & White"
"C","Shake The Boogie","Sonny Boy Williamson I","Sonny Boy Williamson"
"C","Shake the Boogie","Gary Primich","Travelin' Mood"
"C","Shake Your Boogie","Billy Boy Arnold","Crucial Harmonica Blues"
"C","Shakin' Hands With The Blues","Rod Piazza","Beyond the Source"
"C","Shame Shame Shame","Rob Paparozzi (Hudson River Rats)","First Take"
"C","She Got It","Muddy Waters","Hoochie Coochie Man: Complete Chess Masters Vol 2"
"C","She The One","Rod Piazza","Stone Dirt"
"C","She's Nineteen Years Old","Muddy Waters","Hoochie Coochie Man"
"C","She's So Pretty","Muddy Waters","One More Mile (Disc 1)"
"C","She's The One","Rod Piazza","The Dirty Blues Band"
"C","Shootin' For The Moon","Charlie Musselwhite","Sanctuary"
"C","Shotgun Blues","Sonny Boy Williamson","Shotgun Blues"
"C","Si Bheag Si Mhor","Brendan Power","New Irish Harmonica"
"C","Sit Down And Breathe","Greg Zlap","Air"
"C","Skatoon","Carlos Del Junco","Blues Mongrel"
"C","Some Kinda King","Giles Robson","Crooked Heart of Mine"
"C","Stealin', Stealin'","Memphis Jug Band (Will Shade)","First Time I Met The Blues"
"C","Stoop Down #39","Magic Dick (J Geils Band)","Showtime!"
"C","Step Back Baby","King Biscuit Boy","Harp Legends II"
"C","Stop Breakin' Down","Sonny Boy Williamson I","Shotgun Blues"
"C","Strut","Ian Briggs","Blues Avenue"
"C","Sunday Morning","Jean Jacques Milteau","Blue third"
"C","Sweet Disposition","Sonny Boy Williamson II","Down And Out Blues"
"C","Take It Easy Baby","Sonny Boy Williamson II","Sonny Boy Williamson II with Yardbirds"
"C","Tell Me Mama","Little Walter","Harp and Soul"
"C","Thank You Baby","Delbert McClinton","Crucial Harmonica Blues"
"C","The Duck","Jean Jacques Milteau","Grand Blues Band"
"C","The Flintstones (1st position)","PT Gazell","Pace Yourself"
"C","The Games People Play","Paul Lamb","Goin Down The Road"
"C","The Hook","Jean Jacques Milteau","Blues harp"
"C","The Hucklebuck","Los Reyes Del K.O.","Live In Yorckschlosschen Berlin"
"C","The World Is Just World","Jason Ricci","Blood On The Road"
"C","Tomorrow Night","Little Charlie & The Nightcats","Captured Live"
"C","Too Many Drivers","Paul Butterfield","It All Comes Back"
"C","Too Late","Little Walter","Boss Blues Harmonica"
"C","Trouble In Mind","Muddy Waters","One More Mile"
"C","Trouble No More","Carey Bell with Muddy Waters","Blues Harp Boogie"
"C","Wabash Cannonball","Buddy Greene","Harmonica Anthology"
"C","Walter's Swing","Walter Horton","Fine Cuts"
"C","What Will I Do","Big Joe & His Rhythm","Charlie & Joe McCoy 2 (1936-1944)"
"C","When Saints Go Marching In","Sonny Terry, Brownie McGhee, Big Bill Broonzy","This Is The Blues"
"C","When You Left","Grant Dermody","Sun Might Shine On Me"
"C","Where Did Our Love Go","J. Geils Band","The J. Geils Band Anthology: Houseparty"
"C","Where The Wind Blows","Greg Zlap","Air"
"C","Where's My Money","Billy Branch","The Blues Keep Following Me Around"
"C","Why Do People Act Like That","Paul Butterfield","Paul Butterfield Teaches Blues Harmonica"
"C","Win Or Lose","Paul Butterfield","It All Comes Back"
"C","Win The Lotto","Madcat Ruth","Harmonica & Ukelele Project"
"C","Women And Trouble","Lee Sankey","My Day Is Just Beginning"
"C","Worn Out Shoe","Paul DeLay","Take It From The Turnaround"
"C","You Better Change","Ole Sonny Boy","Deep Harmonica Blues"
"C","You're No Good","Bob Dylan","Bob Dylan"
"C","You Sure Make Lovin' Hard","Paul Lamb","Blues Harp Boogie"
"C","You're The One I Play My Harp For","Ian Briggs","Blues Avenue"
"C low","Another Man Done Gone","Sugar Blue","Raw Sugar (live)"
"C low","Bye Bye Bird","Sonny Boy Williamson II","His Best"
"C low","East Breeze (3rd position)","Konstantin Kolenichenko","Hypnotised!"
"C low","In The Wee Hours (3rd position)","Konstantin Kolenichenko","Minor Differences"
"C low","Old News","Rick Estrin","One Wrong Turn"
"C low","Pour Alice","Greg Zlap","Varsovie"
"Db","Trouble No More","Paul deLay Band","Last of the Best"
"Db","Easy","Walter Horton","An Offer You Can't Refuse"
"Db","It Takes A Lot To Laugh, It Takes A Train To Cry","Bob Dylan","Highway 61 Revisited"
"Db","Rain Crow Bill Blues (originally D harp?)","Henry Whitter","Henry Whitter (Doxy Collection)"
"Db","September Song","PT Gazell","Swingin' Easy...Hittin' Hard"
"D","Ah'W Baby/Everything Gonna Be Alright","Junior Wells & Buddy Guy","Messin' With The Kid"
"D","All Night Long (Rock Me Baby)","Junior Wells","Harp Blues"
"D","All Nite Long","Paul Lamb","Harp Legends II"
"D","Allergic To Work","Pat Ramsey","It's About Time"
"D","Baby Please Don't Go","Paul Lamb","I'm On A Roll"
"D","Bad Night","Los Reyes Del K.O.","It's Fiesta Time"
"D","Blow","George Smith","Blind Pig Records 30th Anniversary"
"D","Blues Before Sunrise","Muddy Waters (Little Walter)","The Chess Box"
"D","Blues With A Feeling","Little Walter","Blues With A Feeling"
"D","Boogie Thing","James Cotton","Live and on the Move"
"D","Born In Chicago","Paul Butterfield","The Paul Butterfield Blues Band"
"D","Born In Santiago","Los Reyes Del K.O.","Live In Yorckschlosschen Berlin"
"D","Broke and Hungry","William Clarke","Groove Time"
"D","Built For Comfort","Howlin' Wolf","His Best: Chess 50th Anniversary Collection"
"D","Can't Believe It's This Good","Jason Ricci JJ Appleton","Dirty Memory"
"D","Catfish","Billy Boy Arnold","Blues Harp Boogie"
"D","Champagne & Reefer","Muddy Waters","Hoochie Coochie Man"
"D","Charly Charly","Greg Zlap","Harmonica Madness"
"D","Checkin' Up On My Baby","Junior Wells & Buddy Guy","Messin' With The Kid"
"D","Chitlin Con Carne","Dave Barrett","History of the Blues Harmonica"
"D","Chitlin Con Carne","Junior Wells","Hoodoo Man Blues"
"D","Come On In This House","Buddy Guy","Buddy Guy & Junior Wells Play"
"D","Cooling Board","Giles Robson","Crooked Heart of Mine"
"D","Could We Just Shoot Your Husband","Paul deLay Band","Last of the Best"
"D","Country Boy","Sugaray Rayford (Sugar Ray Norcia)","Dangerous"
"D","Country Girl","Junior Wells & Buddy Guy","Blues Harp Boogie"
"D","Crash Burn","Blues Traveler","Four"
"D","Crawling King Snake","Muddy Waters","One More Mile"
"D","Cut To The Chase","The James Harman Band","Black & White"
"D","Deal The Cards","William Clarke","Rockin The Boat"
"D","Deep Down In Florida #2","Muddy Waters","King Bee"
"D","Don`t Start Me Talking","James Cotton","35th Anniversary Jam of the J"
"D","Done Got Old","Taildragger & Bob Corritore","Longtime Friends In The Blues"
"D","Don't You Mess With Me","Jean Jacques Milteau","Blues Live"
"D","Drinkin' Straight Whiskey","William Clarke","Tip of the Top"
"D","Driving My Life Away","William Clarke","Serious Intentions"
"D","Drunk Again","Paul Butterfield","In My Own Dream"
"D","Early In The Morning","Junior Wells","Hoodoo Man Blues"
"D","Early In The Mornin'","Junior Wells","It's My Life Baby"
"D","Early In The Morning","Kim Wilson","Smokin' Joint"
"D","Early in the Morning","Sonny Boy Williamson I","The Bluebird Recordings 1937-1938"
"D","Eyesight To The Blind","Sonny Boy Williamson II","Eyesight To The Blind 1951-54"
"D","Flying Eagle Boogie","Doctor Ross","Harmonica Boss Blues"
"D","Forty Days and Forty Nights","Muddy Waters (Little Walter)","Anthology"
"D","Full Moon Over Dallas","Various Artists","Blues Harmonica Spotlight"
"D","Funk Shui","Roly Platt","Inside Out"
"D","Goin' Down Slow","Howlin' Wolf","His Best: Chess 50th Anniversary Collection"
"D","Going Back Home","Wilko Johnson with West Weston","Going Back Home"
"D","Good Mornin' Lil Schoolgirl","James Cotton","Live & On The Move"
"D","Good Morning Little School Girl","Muddy Waters","I'm Ready"
"D","Good Morning Little Schoolgirl","Junior Wells","Hoodoo Man Blues"
"D","Good Things","George Smith","Blue Horizon Sessions"
"D","Groanin' The Blues","Otis Rush (Little Walter)","Cobra Recordings"
"D","Guildford Street","Mat Bezants & Adam Franklin","Til I Hear You Talkin"
"D","Gypsy Man","War","Greatest Hits"
"D","Hard Scufflin' Blues","Walter Horton (maybe first recording) with Little Buddy Doyle","No More Hard Times"
"D","Harmonica Mambo","Norton Buffalo","King of the Highway"
"D","Harmonica Twist","Whispering Smith","Deep Harmonica Blues"
"D","Harp & Harp","Big Blues Revival","Danger Men Playing"
"D","Harpoon Man","Paul De Lay","You're Fired"
"D","Haste To The Wedding_Silver Spear","Buddy Greene","Harmonica Anthology"
"D","Hate To See You Go","Paul Butterfield","The Original Lost Elektra Sessions"
"D","Heart In Sorrow","Sonny Terry & Brownie McGhee","Sonny Terry and Brownie McGhee Sing"
"D","Help Me","James Cotton","Live & On The Move"
"D","Help Me","George Smith & Bacon Fat","The Complete Blue Horizon Sessions"
"D","Hey Lawdy Mama","Junior Wells","Hoodoo Man Blues"
"D","Honey Bee","Muddy Waters (Paul Butterfield)","Fathers and Sons"
"D","Hoochie Coochie Man","Sugar Blue","Raw Sugar"
"D","Hoochie Coochie Man","Carey Bell","Harpmaster"
"D","Hoodoo Man","Junior Wells & Buddy Guy","Messin' With The Kid"
"D","Hound Dog","Junior Wells","Hoodoo Man Blues"
"D","How Can One Woman Be So Mean","Junior Wells & Buddy Guy","Messin' With The Kid"
"D","I Ain't Got You","Billy Boy","Harp Blues"
"D","I Can't Quit You Baby","Otis Rush","An Introduction To Otis Rush"
"D","Ice Cream Man","John Brim with Little Walter","Chess Blues"
"D","I Don't Know Why (3rd position)","Sugar Blue","Code Blue"
"D","I Don't Love Nobody","Joan Pau Cumellas","Miguel Talavera & Joan Pau Cumellas"
"D","I Don`t Know","Buddy Guy","Buddy Guy & Junior Wells Play"
"D","I Don't Want You To Go, Baby","George Smith","Blue Horizon Sessions"
"D","I Got A Woman","Roly Platt","Inside Out"
"D","I Got News","James Harman","Blues Harp Summit"
"D","I Got To Find My Baby","Mark Hummel","Mark Hummel"
"D","I Heard The News","Matyas Pribojszki","Flavours"
"D","I'm Dangerous","Sugaray Rayford w Sugar Ray Norcia","Dangerous"
"D","It Aint Right","Charlie Musselwhite","Memphis Charlie"
"D","It Hurts Me to (When Things Go Wrong)","Junior Wells Chicago Blues Ban","Essential Blues Harmonica"
"D","It Hurts Me Too","Paul Butterfield","The Original Lost Elektra Sessions"
"D","I've Done Everything I Can","King Biscuit Boy","Blues Harp Boogie"
"D","Jackson's stomp","Jean Jacques Milteau","Blowin' In The Past"
"D","John Henry","Charlie McCoy","Live in Brno 2003"
"D","Jolly Beggarman / Crowleys Reel","Brendan Power","New Irish Harmonica"
"D","Jumpin' Blues","Walter Horton","Blowing The Blues - A History"
"D","Just A Dream","Billy Boy Arnold","Checkin' It Out"
"D","Just To Be With You","Muddy Waters (Little Walter)","Muddy Waters: His Best 1956 to 1964"
"D","Just To Be With You","Paul Butterfield","The Elektra Years (Disc 2)"
"D","Keep It To Yourself","Sonny Boy Williamson II","His Best"
"D","Keep It To Yourself","William Clarke","Rockin The Boat"
"D","Kentucky Fried","Big Walter Horton","Toronto 1973"
"D","Killing Floor","Howlin' Wolf","His Best: Chess 50th Anniversary Collection"
"D","Krystalline","Sugar Blue","Code Blue"
"D","Learn To Treat Me Right","Kim Wilson","Smokin' Joint"
"D","Let Me Be Your Man","Norton Buffalo","King of the Highway"
"D","Little Bitty Pretty One / Rockin' Robin","Rod Piazza","Modern Master The Best of Rod Piazza"
"D","Lonesome Stranger","Carey Bell","Deep Down"
"D","Lord Oh Lord Blues","Mark Hummel","Retro-Active"
"D","Louisiana Blues","Muddy Waters (Little Walter)","Anthology"
"D","Love And Money","Rod Piazza And The Mighty Flyers","Live At B. B. King's, Memphis"
"D","Love Me Or Leave Me","James Cotton","Falling In Love With the Blues"
"D","Loving Eyes","Jason Ricci and New Blood","Rocket Number 9"
"D","Make My Getaway","Charlie Musselwhite","Crucial Harmonica Blues"
"D","Mannish Boy","Muddy Waters","Anthology"
"D","Maria Susana","Joan Pau Cumellas & Miguel Talavera","Rollin' and Tumblin'"
"D","Me And The Devil","Mike Turk","Mouth That Roared"
"D","Mellow Down Easy","Carey Bell & Tough Luck","Mellow Down Easy"
"D","Mellow Down Easy","Paul Butterfield","The Paul Butterfield Blues Band"
"D","Mellow Down Easy","Jason Ricci","Blood On The Road"
"D","Mellow Down Easy","Little Walter","Harp and Soul"
"D","Minor Miner","Buddy Greene & Charlie McCoy","Harmonica Anthology"
"D","Miss You","The Rolling Stones","Some Girls"
"D","Mississippi Sawyer","Mark Graham","Southern Old-Time Harmonica"
"D","Mojo Hand","The Juke Joints","Harmonica Blues"
"D","Mojo Workin'","Paul Butterfield","An Offer You Can't Refuse"
"D","My Baby She Left Me","Junior Wells","Buddy Guy & Junior Wells Play"
"D","Mystery Train","Jean Jacques Milteau","Grand Blues Band"
"D","Nine Below Zero (live)","Sonny Boy Williamson II","Folk Blues"
"D","Obviously Five Believers","Bob Dylan (Charlie McCoy)","Blonde On Blonde"
"D","Oh Yeah!","Muddy Waters","One More Mile"
"D","Old Joe Clarke","Phil Hopkins","Harmonica Classics"
"D","One Way Out","Sonny Boy Williamson II","The Best of Sonny Boy Williamson"
"D","Pass Me By","Paul & Chad","Goin Down The Road"
"D","Playhouse","Floyd Jones (Little Walter)","The Chronological Floyd Jones"
"D","Pledging My Time","Bob Dylan","Blonde On Blonde"
"D","Rain","Little Charlie & The Nightcats","Captured Live"
"D","Riding On The L & N","Mark Feltham with Nine Below Zero","Live At The Venue"
"D","Riding On The L & N","Alan Glen with Nine Below Zero","Zip Your Lip"
"D","Roller Coaster/Crazy Legs/I Got To Go","Magic Dick & J. Geils","Bluestime"
"D","Rollin' & tumblin'","Jean Jacques Milteau","Blues Live"
"D","Sanctuary","Charlie Musselwhite","Sanctuary"
"D","Shake Your Hips","Jason Ricci","3rd Annual Delta Groove All-Star Blues Revue"
"D","She Belongs To Me","Bob Dylan","Bringing It All Back Home"
"D","Shenadoah","Charlie McCoy","Classic Country"
"D","Short Dress Women","Carey Bell & Tough Luck","Mellow Down Easy"
"D","Shuffle The Deck","Roly Platt","Harmonica Collective"
"D","Silly Smile","Paul DeLay","Take It From The Turnaround"
"D","Skinny Woman","Sonny Boy Williamson I","The Bluebird Recordings 1937-1938"
"D","Sloppy Drunk","Jimmy Rogers","Complete Chess Recordings (Disc 1)"
"D","So Ezee","Taildragger & Bob Corritore","Longtime Friends In The Blues"
"D","Someday The Sun Won't Shine For You","Mark Feltham","Duo"
"D","Soul Feet","George Smith","Blue Horizon Sessions"
"D","Spanish Harlem","Nine Below Zero","Chilled"
"D","Spin Cycle","Jerome Godboo","Rooting Out My Devils"
"D","Spoonful","Rod Piazza","The Dirty Blues Band"
"D","Stand","Blues Traveler","Four"
"D","Steady Rollin Man","Sonny Boy Williamson II","Chicago Blues Harmonicas"
"D","Strange Things Happen","James Cotton","Deep In The Blues"
"D","Strange Brew","Rob Paparozzi","Etruscan Soul"
"D","Sufferin` Catfish","Howard Levy","The Stranger`s Hand"
"D","Sugar Sweet","Laurie Garman","The Very Best of the City Shakers"
"D","Sugar Sweet","Muddy Waters","Anthology"
"D","Surrendered","Sugaray Rayford with Kim Wilson","Dangerous"
"D","Telephone Blues","Bacon Fat","Grease One For Me"
"D","Tell Me Baby","Sonny Terry","Whoopin' The Blues"
"D","Tell Me Why","Kim Wilson","My Blues"
"D","Thank You Mr Poobah","Paul Butterfield","The Paul Butterfield Blues Band"
"D","Funky Duck","Charlie McCoy","Best Of"
"D","The Good, The Bad & The Ugly","Blues Traveler","Four"
"D","The Jig Is Up","Norton Buffalo","Lovin' In the Valley of the Moon"
"D","The Mighty Incinerator","Giles Robson","Crooked Heart of Mine"
"D","The Red Rooster","Howlin' Wolf","His Best: Chess 50th Anniversary Collection"
"D","This Old Fool","Buddy Guy","Buddy Guy & Junior Wells Play"
"D","Through With You","Tail Dragger & Bob Corritore","Longtime Friends In The Blues"
"D","Ticket To Ride","Rob Paparozzi","Etruscan Soul"
"D","Tie Break Blues","Greg Zlap","Harmonica Madness"
"D","Tom's Tune","Brendan Power","Tradish"
"D","Too Late","Richard Hunter","The Act of Being Free in One Act"
"D","Trouble No More","Muddy Waters","Anthology"
"D","U","Jean Jacques Milteau","Blues harp"
"D","Until My Love Come Down","Sonny Boy Williamson I","The Bluebird Recordings 1937-1938"
"D","Walkin' By Myself","Walter Horton","Chess Blues"
"D","Wedding Theme Opening","Greg Zlap","Road Movies"
"D","Who Do You Trust","Muddy Waters","I'm Ready"
"D","Who Gonna Take My Soul When I'm Gone","Greg Zlap","Road Movies"
"D","Why Are People Like That","Muddy Waters","The Muddy Waters Woodstock Album"
"D","Why Do You treat Me","Tommy Allen & Johnny Hewitt","Live at Bronte Blues Club"
"D","You Killing Me","Sonny Boy Willamson II","Work With Me"
"D low","1313 Stomp","Dennis Gruenling","That's Right"
"D low","Consultation Man","Paul Lamb","Hole In The Wall"
"D low","Fattenin' Frogs","Paul Lamb","Goin Down The Road"
"D low","Rooftop Swing","Dennis Gruenling","Ready Or Not"
"Eb","Beans Taste Fine","Mike Turk (with Papa John Kolstad)","Beans Taste Fine"
"Eb","Chicken","Jean Jacques Milteau","Bastille Blues"
"Eb","Delta Nova","Jason Ricci","Down At The Juke"
"Eb","Diddle It","Carlos Del Junco","Steady Movin'"
"Eb","Doodle It","Carlos Del Junco","Steady Movin'"
"Eb","Driftin' And Driftin'","Butterfield Blues Band","The Butterfield Blues Band Live"
"Eb","Elegang luther","Jean Jacques Milteau","Bastille Blues"
"Eb","Head on Outta Here","Joe Filisko & Eric Noden","I.C. Special"
"Eb","Insouciance","Jean Jacques Milteau","Bastille Blues"
"Eb","Karma Chameleon","Culture Club (Judd Lander)","Colour By Numbers"
"Eb","Jumping' At The Showplace","Steve Guyger","Last Train To Dover"
"Eb","Listen Here","Jason Ricci","Approved By Snakes"
"Eb","Look What You've Done","Paul deLay Band","Last of the Best"
"Eb","Mama Blues","Jean Jacques Milteau","Blowin' In The Past"
"Eb","Mississippi Sawyer","Sam Hinton","Master Of The Diatonic Harmonica"
"Eb","Ocean Of Tears","Roly Platt","Inside Out"
"Eb","Outside Smoking Tea","Mat Bezants & Adam Franklin","Til I Hear You Talkin"
"Eb","Paranoid","Will Wilde","Raw Blues"
"Eb","Rue doisneau","Jean Jacques Milteau","Routes"
"Eb","Sharp Tooth","Rollo Markee & The Tailshakers","Ain't Nothin But Blues Collection Vol 4"
"Eb","Train","RJ Mischo","He Came To Play"
"Eb","Where Was You At","War","The Very Best of War"
"Eb","Your Mind Is In The Gutter","Joan Pau Cumellas","Miguel Talavera & Joan Pau Cumellas"
"E","After Midnight","Los Reyes Del K.O.","Live In Yorckschlosschen Berlin"
"E","All Along The Watchtower (4th position)","Bob Dylan","John Wesley Harding"
"E","All Walks Of Life","James Cotton","Live & On The Move"
"E","B Thing - Intro","Carlos del Junco","Just Your Fool"
"E","B Thing - Outro","Carlos del Junco","Just Your Fool"
"E","Blues In The Morning","Walter Horton","Mouthharp Maestro"
"E","Can't Stop Loving You","Little Walter","Blues With A Feelin'"
"E","Close To You","Muddy Waters","Anthology"
"E","Country Girl","Walter Horton","Live at the Knickerbocker"
"E","Creeper Returns","Mark Hummell","Ain't Easy No More"
"E","Don't Lose Your Eye","Sonny Boy Williamson II","55 Masterpieces"
"E","Early In The Mornin'","Junior Wells","It's My Life Baby"
"E","Face The Facts","Keith Dunn","Alone With The Blues"
"E","Fattening Frogs For Snakes","Sonny Boy Williamson II","Down And Out Blues"
"E","Finger Lickin' Good","Charlie Musselwhite","Memphis Charlie"
"E","Good Morning Little Schoolgirl","Paul Butterfield","The Original Lost Elektra Sessions"
"E","I Can't Quit You No","Paul deLay Band","Take It from the Turnaround"
"E","It Ain't Right","Little Walter","Harp and Soul"
"E","It's All Over Now Baby Blue (1st position)","Bob Dylan","Bringing It All Back Home"
"E","Jivin' The Business","Bacon Fat","Tough Dude"
"E","Just Like A Woman (1st position)","Bob Dylan","Blonde On Blonde"
"E","Let's Mambo","Carlos Del Junco","Blues Mongrel"
"E","Little Boy Blue","Walter Horton","Mouth Harp Maestro"
"E","Lonesome For A Dime","Carey Bell & Buster Benton","Bluesbuster"
"E","Marmoset_Baked Potato","Ricci Blood","Blood On The Road"
"E","Mean Old Frisco","Little Walter","Blues With A Feelin'"
"E","Miss Louisa Blues","Sonny Boy Williamson [I]","The Bluebird Recordings 1937-1938"
"E","Oh Red's Twin Brother","Big Joe & His Rhythm","Charlie & Joe McCoy 2 (1936-1944)"
"E","Overseas","Floyd Jones (Little Walter)","The Chronological Floyd Jones"
"E","Please Have Mercy","Muddy Waters (Little Walter)","Rollin' Stone: Golden Ann. Collection"
"E","She's My Baby","Kim Wilson","That's Life"
"E","Shotgun Blues","Junior Wells","Best of the Vanguard Years"
"E","Sunnyland","Sonny Boy Williamson I","The Bluebird Recordings 1937-1938"
"E","Wabash Cannonball","Charlie McCoy","The Greatest Hits of Charlie McCoy"
"E","Walter's Jump","Little Walter","Blues Harp Boogie"
"E","Who","Billy Branch","Harp Attack"
"E","Worried Life Blues","Little Walter","Blues With A Feelin'"
"E","You Can Lead Me","Sonny Boy Williamson I","The Bluebird Recordings 1937-1938"
"F","(My Eyes) Keep Me In Trouble","Muddy Waters","King Bee"
"F","All Because Of You","Walter 'Shakey' Horton","Walter ""Shakey"" Horton Live @ The Union Bar"
"F","Ask Myself A Question","Sugar Blue with Brownie McGhee","Going It Alone"
"F","Au bellevue ii","Jean Jacques Milteau","Bastille Blues"
"F","Bluepine","Sugar Blue","Harmonica Blues Nuggets"
"F","Bon Ton Cafe","Jean Jacques Milteau","Memphis"
"F","Boogie Twist","Snooky Pryor","Harp Blues"
"F","Bowling Green Strut","Cephas and Wiggins","Somebody Told The Truth"
"F","Break It Up","Little Walter","Blues With A Feelin'"
"F","Can't Help Myself","Sonny Terry","Brownie & Sonny Sing"
"F","Checkin' Up On My Baby","Junior Wells","It's My Life Baby"
"F","Checkin' Up On My Baby","Nine Below Zero","Give Me No Lip Child"
"F","Chuck-A-Luck Chicken","Sonny Boy Williamson II","Deep Harmonica Blues"
"F","Cool, Cool Blues","Sonny Boy Williamson II","King Biscuit Time"
"F","Cotton Crop Blues","James Cotton","35th Anniversary Jam"
"F","Cross My Heart","Sonny Boy Williamson","Down And Out Blues"
"F","Dont You Feel Like Cryin'","Paul & Chad","Goin Down The Road"
"F","Fannie Mae","James Cotton","Live & On The Move"
"F","Fragile","Jean Jacques Milteau","Fragile"
"F","From A Buick 6","Bob Dylan","Highway 61 Revisited"
"F","Gene's Tune","The Butterfield Blues Band","The Butterfield Blues Band Live"
"F","Get Yourself Together","Paul Butterfield","In My Own Dream"
"F","Gold Digger","Big Walter Horton","Harmonica Blues Kings"
"F","Good Morning Little School Girl","Sonny Boy Williamson","Shotgun Blues"
"F","He's in the Jailhouse Now","Kenny Sultan/Tom Ball","20th Anniversary: Live!"
"F","High Heel Sneakers","Junior Wells","Alone & Acoustic"
"F","I Believe I'm In Love","The Fabulous Thunderbirds","Portfolio"
"F","I Love You Baby","Big Joe and His Washboard Band","Good Time Blues: Harmonicas, Kazoos, Washboards & Cowbells"
"F","If You Break My Heart","Big Joe and his Washboard Band","Good Time Blues: Harmonicas, Kazoos, Washboards & Cowbells"
"F","If You Take Me Back","Big Joe and his Washboard Band","Good Time Blues: Harmonicas, Kazoos, Washboards & Cowbells"
"F","I'm Through With Love","Big Joe and his Washboard Band","Good Time Blues: Harmonicas, Kazoos, Washboards & Cowbells"
"F","In My Younger Days","Sonny Boy Williamson II","Folk Blues"
"F","Jackpot (Bruno's Bop)","Bruce Willis","The Return of Bruno"
"F","Kenny's Theme","Matyas Pribojszki","Flavours"
"F","Let These Blues","Louisiana Red","Hot Sauce"
"F","Let's Get Started","Charlie McCoy","Best Of"
"F","Lonely crowd","Jean Jacques Milteau","Blues Live"
"F","Messin' With The Kid","Junior Wells & Buddy Guy","Messin' With The Kid"
"F","Money Never Runs Out","Cannon Jug Stompers (Noah Lewis)","Gus Cannon and Noah Lewis: Complete Recorded Works"
"F","My Little Cabin","Sonny Boy Williamson II","Sonny Boy Williamson II with the Yardbirds"
"F","New Spike Driver","Madcat Ruth","Harmonica & Ukelele Project"
"F","Nine Below Zero","Tommy Allen & Johnny Hewitt","Live at Bronte Blues Club"
"F","Nine Below Zero","Magic Dick & J. Geils","Bluestime"
"F","Nobody's Fault But Mine","Paul Butterfield","Better Days"
"F","Number Nine","Butterfield Blues Band (The)","The Butterfield Blues Band Live"
"F","Orange Blossom Special","Charlie McCoy","Classic Country: Charlie McCoy"
"F","Perfect Woman","Kenny Sultan/Tom Ball","20th Anniversary: Live!"
"F","Piedmont Blues","Mark Graham","Southern Old-Time Harmonica"
"F","Pontiac Blues","Sonny Boy Williamson II","King Biscuit Time"
"F","Pontiac","Ian Briggs","Blues Avenue"
"F","Pride Street","Jean Jacques Milteau","Blue Third"
"F","Put It Where You Want It","Roly Platt","Inside Out"
"F","Rainy Night In Jersey","Jean Jacques Milteau","Blue third"
"F","Reverend Black Grape","Black Grape (Bledynn Richards)","It's Great When You're Straight...Yeah"
"F","Rice miller","Jean Jacques Milteau","Blues harp"
"F","Runaway","Norton Buffalo with Bonnie Raitt","Sweet Forgiveness"
"F","Shake Your Money Maker","Walter 'Shakey' Horton","Walter ""Shakey"" Horton Live @ The Union Bar"
"F","She's My Baby","Sonny Boy Williamson II","More Real Folk Blues"
"F","Shortnin' Bread","Madcat Ruth","Harmonica & Ukelele Project"
"F","Stop Crying","Sonny Boy Williamson II","King Biscuit Time"
"F","Superharp","James Cotton","High Compression"
"F","Takin' My Time (5th Position)","Madcat Ruth","Harmonica & Ukelele Project"
"F","The Key","Sonny Boy Williamson","Down And Out Blues"
"F","The Same Thing","Muddy Waters","Anthology"
"F","Tore Down","Nine Below Zero","Live At the Venue"
"F","When You See The Tears From My Eyes","Junior Wells & Buddy Guy","Messin' With The Kid"
"F","Who Do You Love","Greg Zlap & Jean Jacques Milteau","Gregtime"
"F","Ying Yang","James Cotton","High Compression"
"F low","Boogiewaltz","The Rhythm Junks","Virus B-23"
"F low","Bill Brother Jack and Gator","Konstantin Kolenichenko","Hypnotised!"
"F low","Coffee Time","Los Reyes Del K.O.","It's Fiesta Time"
"F low","Ding Dong Daddy","Gary Primich","Travelin' Mood"
"F low","Gotta Look Up","Steve Baker","Gotta Look Up"
"F low","Harvest Home","Sam Hinton","Master Of The Diatonic Harmonica"
"F low","In The Dark","Gentleman Tim & The Contenders","Ain't Nothin But Blues Collection Vol 4"
"F low","Love To Spare","Rod Piazza","Beyond The Source"
"F low","Sleepwalk (1st position)","Joan Pau Cumellas","Miguel Talavera & Joan Pau Cumellas"
"F low","Sunbird","Rod Piazza","Soul Monster"
"F low","Tango Ala Turk","Joan Pau Cumellas","Miguel Talavera & Joan Pau Cumellas"
"F low","The Four Questions #1","The James Harman Band","Black & White"
"F low","The Rain Horse (3rd Position)","Carlos del Junco","Hang On"
"F low","Tribute To William Clarke (3rd position)","Konstantin Kolenichenko","Hypnotised!"
"F low","Twist City","Rod Piazza","Beyond The Source"
"F low","Volare (12th position)","Konstantin Kolenichenko","Minor Differences"
"F low","Your Funeral And My Trial","Kim Wilson","My Blues"
"F#","Chicago Blues","Sugar Blue","Code Blue"
"F#","Room To Move","John Mayall & The Bluesbreakers","The Turning Pointe"
"G","1st Position Medley (1st position)","Joe Filisko","History of the Blues Harmonica"
"G","99","Sonny Boy Williamson II","Down And Out Blues"
"G","Aa booghee","Jean Jacques Milteau","Blues harp"
"G","Ain't That Right","Paul DeLay","Take It From The Turnaround"
"G","Amazing Grace","Carlos Del Junco","Steady Movin'"
"G","Angeline, The Baker_Bonaparte's Retreat","Buddy Greene","Harmonica Anthology"
"G","Backdoor Boogie","Tommy Allen & Johnny Hewitt","Live at Bronte Blues Club"
"G","Backwater Blues","Mark Feltham","Duo"
"G","Bailey's Bounce","Carlos Del Junco","Steady Movin'"
"G","Confusion","Brownie McGhee/Sonny Terry","Brownie McGhee and Sonny Terry Sing"
"G","Better off with the Blues","Tommy Allen & Johnny Hewitt","Live at Bronte Blues Club"
"G","Big Walter's Boogie","Walter Horton","They Call Me Big Walter"
"G","Blues Afterwhile","William Clarke","The Early Years Vol 1"
"G","Blowin' The Family Jewels (3rd position)","William Clarke","Tip of the Top"
"G","Blues In My Sleep (mainly 2nd position)","James Cotton","Deep In The Blues"
"G","Boarding House Blues (1st position)","Rhythm Willie And His Gang","Harmonica Blues Essentials"
"G","Born Under A Bad Sign","Butterfield Blues Band","The Butterfield Blues Band Live"
"G","Busy Man","Joe Filisko & Eric Noden","I.C. Special"
"G","Caledonia (1st position)","Muddy Waters","Chicago 1979"
"G","Cash Money","William Clarke","Blowin' Like Hell"
"G","Christine","Walter Horton","22 Great Harmonica Performances"
"G","Clap Your Hands","Rod Piazza And The Mighty Flyers","Live At B. B. King's, Memphis"
"G","Con_Vo_Looted","Rod Piazza","Almighty Dollar"
"G","Cotton Patch Hot Foot","Walter Horton","Mouth Harp Maestro"
"G","Crawling Kingsnake","Little Charlie & The Nightcats","Captured Live"
"G","Crossing Over","Grant Dermody","Sun Might Shine On Me"
"G","Cruisin' For A Love (1st position)","Magic Dick (J Geils Band)","The J. Geils Band Anthology: Houseparty"
"G","Cumberland Gap","Mark Graham","Southern Old-Time Harmonica"
"G","Damn Good Run","Steve Baker","Gotta Look Up"
"G","Dark Eyes (1st position)","Bob Dylan","Empire Burlesque"
"G","Deja Vous","Corky Siegel (Siegel-Schwall Band)","Flash Forward"
"G","Dill Pickle Rag","PT Gazell & Brendan Power","Back To Back"
"G","Don't Worry Your Pretty Little Head (12th position - song key C)","Carlos del Junco","Hang On"
"G","Doublecrossed And Blue (3rd position)","Steve Baker","Gotta Look Up"
"G","Easy","Ian Briggs","Blues Avenue"
"G","Eighth of January","Sam Hinton","Master of the Solo Diatonic Harmonica"
"G","Evening Sun","Paul Lamb","Harmonica Man"
"G","Evil","Billy Branch","The Blues Keep Following Me Around"
"G","Far, Far, Away","Paul Lamb","I'm On A Roll"
"G","Fishing Blues","Jean Jacques Milteau","Blue third"
"G","Flying Saucer (& chromatic)","Little Walter","Harp and Soul"
"G","Forty Four","Carlos del Junco","Just Your Fool"
"G","Goin' Down Slow","Tommy Allen & Johnny Hewitt","Live at Bronte Blues Club"
"G","Got My Mojo Working","George Smith","Blue Horizon Sessions"
"G","Half Shaved","Mark Graham","Southern Old-Time Harmonica"
"G","Harmonica Rag (1st position)","Joan Pau Cumellas","Miguel Talavera & Joan Pau Cumellas"
"G","Hep Cats In Big Town","Various Artists","Blues Harmonica Spotlight"
"G","Hobo Blues","Walter Horton","Fine Cuts"
"G","Hometown","Giles Robson","Crooked Heart of Mine"
"G","I Ain't Superstitious","Howlin' Wolf","His Best: Chess 50th Anniversary Collection"
"G","I Been Abused","Lee McBee","Harmonica Blues"
"G","I Know You Rider","Madcat Ruth","Harmonica & Ukelele Project"
"G","I'm Ready","Muddy Waters","Hoochie Coochie Man"
"G","In Memory","Dave Barrett","It Takes Three"
"G","In The Mood","Walter Horton","Sun Records Turn It Up"
"G","Jason Solo","Jason Ricci","Dirty Memory"
"G","Joe Chicago","Walter Horton","They Call Me Big Walter"
"G","John Henry Jumps In","Paul Lamb","Harmonica Man"
"G","Jumpin' Little Judy","Paul Lamb","Hole In The Wall"
"G","Jurong Bird Park","Jean Jacques Milteau","Bastille Blues"
"G","Just Enough","Jason Ricci","Dirty Memory"
"G","Kesh Jig Set","Brendan Power","New Irish Harmonica"
"G","La Cucaracha","Walter Horton","The Soul of Blues Harmonica"
"G","Last Night","Little Walter","The Complete Chess Masters"
"G","Leadfoot Stomp","Joe Filisko & Eric Noden","I.C. Special"
"G","Leavin' For Memphis","The James Harman Band","Black & White"
"G","l'internationale","Jean Jacques Milteau","Fragile"
"G","Lonesome train","Jean Jacques Milteau","Blues live"
"G","Lost Fox Train(For Joe)","Wade Schuman","Bahamut"
"G","Lost Fox Train","Hazmat Modine","Bahamut"
"G","Lost John_Fox Chase Medley","Joe Filisko","History of the Blues Harmonica"
"G","Lou's Boogaloo","Greg Szlapczynski","Varsovie"
"G","Madison Blues","Paul Lamb","Harmonica Man"
"G","Man Of Constant Sorrow (1st position)","Bob Dylan","Bob Dylan"
"G","Mean Low Blues","Joe Filisko","History of the Blues Harmonica"
"G","Mean Old Train","Papa Lightfoot","Jook Joint Blues"
"G","Memphis","Jean Jacques Milteau","Memphis"
"G","Motherless Child","Tommy Allen & Johnny Hewitt","Live at Bronte Blues Club"
"G","Movin' Down The River Rhine","Carlos Del Junco","Steady Movin'"
"G","No Fool Horse","Carlos del Junco","Hang On"
"G","Nut Popper #1","Paul Butterfield","The Original Lost Elektra Sessions"
"G","One Room Cabin","Sonny Boy Williamson II","Sonny Boy Williamson and Memphis Slim"
"G","One Way Out","Sonny Boy Williamson II","Solo Harp"
"G","Play With Your Poodle","James Cotton","Deep In The Blues"
"G","Poor Boy","Paul Butterfield","It All Comes Back"
"G","Pull","RJ Mischo","He Came To Play"
"G","Rambler's Blues (1st position)","James Harman Band","Extra Napkins"
"G","Ribbon of Darkness","Carlos del Junco","Hang On"
"G","Rollin' And Tumbling","Joan Pau Cumellas & Miguel Talavera","Rollin' and Tumblin'"
"G","Rolling Along","Jefferson Gonacalves","Conexaeo Nordeste - Graeia Ao Vivo"
"G","Routes","Jean Jacques Milteau","Routes"
"G","Shakey's Blues","Walter Horton","Folk Blues"
"G","Since We've Been Together","Various Artists","Blues Harmonica Spotlight"
"G","Song For Jessica","Norton Buffalo","R&B"
"G","Southern Part of Texas","War","The Very Best of War"
"G","Stranger blues","James Harman","Do Not Disturb"
"G","Sugar Sweet","Joan Pau Cumellas","Miguel Talavera & Joan Pau Cumellas"
"G","Take Me Back Baby","Paul Butterfield","The Original Lost Elektra Sessions"
"G","Talk to me Baby","Tommy Allen & Johnny Hewitt","Live at Bronte Blues Club"
"G","Tennesse Fried Chicken","Jean Jacques Milteau","Routes"
"G","The Times They Are A-Changin' (1st position)","Bob Dylan","The Freewheelin' Bob Dylan"
"G","Too Many Cooks","Erroll Lynton","Roots Stew"
"G","Too Young To Die","Magic Dick (J Geils Band)","Bluestime"
"G","Tree of Life","Grant Dermody","Sun Might Shine On Me"
"G","Tribute To Jnr","Gary Smith","It Takes Three"
"G","Trinity Lane","Joan Pau Cumellas & Miguel Talavera","Rollin' and Tumblin'"
"G","Trust My Baby (1st position)","Sonny Boy Williamson II","22 Great Harmonica Performances"
"G","Trust My Baby (1st position)","Sonny Boy Williamson II","Solo Harp"
"G","Trust My Baby (1st position)","Kim Wilson","Tiger Man"
"G","Tryin' To Make A Living (1st position)","Mat Bezants & Adam Franklin","Til I Hear You Talkin"
"G","Twenty Four Hours","Muddy Waters","The Chess Box"
"G","Walkin' Blues","Tommy Allen & Johnny Hewitt","Live at Bronte Blues Club"
"G","We're Ready (3rd position)","Junior Wells","Hoodoo Man Blues"
"G","When The Saints","Papa Lightfoot","Wine, Women, Whiskey"
"G","Wine, Women and Whiskey","Papa Lightfoot","Harp Blues"
"G","Wine, Women and Whiskey","Alan Glen (Dr Feelgood)","On The Road Again"
"G","You Can't Stop Me From Drinkin' (1st position)","Peetie Wheatstraw","The Best of Peetie Wheatstraw"
"G","You Don't Know","Little Walter","Blues With A Feelin'"
"G","You're Gonna Need My Help","Muddy Waters (Little Walter)","Anthology"
"G","Your Funeral & My Trial","Sonny Boy Williamson II","His Best"
"G","You're gonna need somebody on you","Roy Rogers and Norton Buffallo","Travellin' Tracks"
"G","You're Sweet (3rd position)","Little Walter","Blues With A Feelin'"
"G","Zapallo","Joan Pau Cumellas & Miguel Talavera","Rollin' and Tumblin'"
